rank,bennett_id,transliteration,phonetic_class,total_followers,total_preceders,follower_entropy,max_follower_entropy,class_mean_follower_entropy,entropy_divergence,overlap_vs_class_expectation,cross_class_affinity,most_similar_other_class,disruption_score,num_anomalous_followers,anomalous_followers,expected_top_followers,actual_top_followers
1,AB 81,ku,CV,2,2,1.000000,1.000000,3.328207,0.699328,0.000000,0.010309,V,0.582824,2,AB 15; AB 31,AB 66; AB 30; AB 49; AB 36; AB 04,AB 15; AB 31
2,AB 27,re,CV,3,4,1.370951,1.584963,3.328207,0.587905,0.200000,0.037801,V,0.486502,3,AB 47; AB 32; AB 98,AB 66; AB 30; AB 49; AB 36; AB 04,AB 47; AB 32; AB 98
3,AB 01,da,CV,43,42,5.019810,5.426265,3.328207,0.508110,1.000000,0.810997,V,0.446543,5,AB 24; AB 62; AB 56; AB 12; AB 02,AB 66; AB 30; AB 49; AB 36; AB 04,AB 24; AB 66; AB 62; AB 26; AB 36
4,AB 04,te,CV,45,46,5.201985,5.491853,3.328207,0.562830,1.000000,0.731959,V,0.444720,5,AB 77; AB 73; AB 45; AB 29; AB 57,AB 66; AB 30; AB 49; AB 36; AB 04,AB 77; AB 73; AB 04; AB 51; AB 45
5,AB 36,jo,CV,45,40,5.040654,5.491853,3.328207,0.514371,1.000000,0.776632,V,0.438738,5,AB 23; AB 62; AB 72; AB 87; AB 57,AB 66; AB 30; AB 49; AB 36; AB 04,AB 23; AB 62; AB 01; AB 26; AB 04
6,AB 07,di,CV,44,39,4.893677,5.459432,3.328207,0.470223,1.000000,0.814433,V,0.432419,7,AB 06; AB 56; AB 07; AB 38; AB 29,AB 66; AB 30; AB 49; AB 36; AB 04,AB 06; AB 56; AB 52; AB 07; AB 01
7,AB 06,na,CV,43,39,4.908001,5.426265,3.328207,0.474526,1.000000,0.797251,V,0.428985,6,AB 62; AB 32; AB 10; AB 57; AB 03,AB 66; AB 30; AB 49; AB 36; AB 04,AB 36; AB 65; AB 62; AB 32; AB 10
8,AB 26,ru,CV,47,42,4.919886,5.554589,3.328207,0.478096,1.000000,0.759450,V,0.419073,6,AB 85; AB 34; AB 06; AB 61; AB 62,AB 66; AB 30; AB 49; AB 36; AB 04,AB 85; AB 01; AB 49; AB 34; AB 06
9,AB 03,pa,CV,39,36,4.820488,5.285402,3.328207,0.448239,1.000000,0.776632,V,0.412285,4,AB 09; AB 38; AB 07; AB 08,AB 66; AB 30; AB 49; AB 36; AB 04,AB 49; AB 51; AB 01; AB 52; AB 09
10,AB 29,pu,CV,42,41,4.897690,5.392317,3.328207,0.471429,1.000000,0.742268,V,0.411252,7,AB 77; AB 50; AB 08; AB 59; AB 62,AB 66; AB 30; AB 49; AB 36; AB 04,AB 77; AB 51; AB 04; AB 50; AB 08
11,AB 16,qa,CV,1,0,-0.000000,0.000000,3.328207,0.999700,1.000000,0.027491,V,0.408127,1,AB 62,AB 66; AB 30; AB 49; AB 36; AB 04,AB 62
12,AB 67,ki,CV,1,1,-0.000000,0.000000,3.328207,0.999700,1.000000,0.027491,V,0.408127,1,AB 62,AB 66; AB 30; AB 49; AB 36; AB 04,AB 62
13,AB 24,ne,CV,41,36,4.936450,5.357552,3.328207,0.483071,1.000000,0.714777,V,0.407661,4,AB 07; AB 14; AB 08; AB 55,AB 66; AB 30; AB 49; AB 36; AB 04,AB 51; AB 07; AB 14; AB 66; AB 08
14,AB 22,pi,CV,1,3,-0.000000,0.000000,3.328207,0.999700,1.000000,0.020619,V,0.406065,1,AB 56,AB 66; AB 30; AB 49; AB 36; AB 04,AB 56
15,AB 57,ja,CV,37,32,4.940234,5.209453,3.328207,0.484208,1.000000,0.697595,V,0.402961,7,AB 22f; AB 03; AB 12; AB 50; AB 59,AB 66; AB 30; AB 49; AB 36; AB 04,AB 22f; AB 03; AB 12; AB 66; AB 50
16,AB 60,ra,CV,0,1,0.000000,0.000000,3.328207,0.999700,1.000000,0.000000,V,0.399880,0,,AB 66; AB 30; AB 49; AB 36; AB 04,
17,AB 02,ro,CV,38,23,5.009624,5.247928,3.328207,0.505050,1.000000,0.577320,V,0.375216,6,AB 29; AB 87; AB 73; AB 56; AB 08,AB 66; AB 30; AB 49; AB 36; AB 04,AB 66; AB 04; AB 30; AB 36; AB 29
18,AB 23,mu,CV,37,33,4.687674,5.209453,3.328207,0.408346,1.000000,0.694158,V,0.371586,3,AB 07; AB 62; AB 12,AB 66; AB 30; AB 49; AB 36; AB 04,AB 65; AB 66; AB 04; AB 07; AB 49
19,AB 09,se,CV,34,29,4.890576,5.087463,3.328207,0.469292,1.000000,0.587629,V,0.364005,4,AB 22f; AB 46; AB 63; AB 03,AB 66; AB 30; AB 49; AB 36; AB 04,AB 49; AB 30; AB 22f; AB 36; AB 04
20,AB 08,a,V,48,48,4.984057,5.584963,4.005405,0.244272,1.000000,0.804714,CV,0.339123,3,AB 45; AB 49; AB 62,AB 51; AB 44; AB 06; AB 24; AB 52,AB 51; AB 44; AB 52; AB 30; AB 36
21,AB 21,mi,CV,3,4,1.584963,1.584963,3.328207,0.523622,0.666667,0.051546,V,0.324913,2,AB 57; AB 20,AB 66; AB 30; AB 49; AB 36; AB 04,AB 57; AB 20; AB 52
22,AB 54,wa,CV,25,24,4.395999,4.643856,3.328207,0.320735,0.882353,0.498282,V,0.313073,7,AB 56; AB 94; AB 20; AB 63; AB 46,AB 66; AB 30; AB 49; AB 36; AB 04,AB 66; AB 04; AB 56; AB 94; AB 20
23,AB 18,zo,CV,6,6,2.584963,2.584963,3.328207,0.223250,0.333333,0.061856,V,0.307857,5,AB 21f; AB 20; AB 17; AB 45; AB 68,AB 66; AB 30; AB 49; AB 36; AB 04,AB 30; AB 21f; AB 20; AB 17; AB 45
24,AB 15,mo,CV,2,2,1.000000,1.000000,3.328207,0.699328,1.000000,0.085911,V,0.305504,1,AB 87,AB 66; AB 30; AB 49; AB 36; AB 04,AB 87; AB 51
25,AB 30,ni,CV,36,47,4.223890,5.169925,3.328207,0.269038,1.000000,0.656357,V,0.304522,7,AB 61; AB 23; AB 02; AB 24; AB 45,AB 66; AB 30; AB 49; AB 36; AB 04,AB 52; AB 61; AB 30; AB 23; AB 65
26,AB 78,qe,CV,3,4,1.500000,1.584963,3.328207,0.549142,0.750000,0.024055,V,0.301873,3,AB 08; AB 10; AB 105,AB 66; AB 30; AB 49; AB 36; AB 04,AB 08; AB 10; AB 105
27,AB 80,ma,CV,2,1,1.000000,1.000000,3.328207,0.699328,1.000000,0.054983,V,0.296226,2,AB 32; AB 45,AB 66; AB 30; AB 49; AB 36; AB 04,AB 32; AB 45
28,AB 77,ka,CV,24,24,4.440351,4.584963,3.328207,0.334057,0.833333,0.333333,V,0.283623,7,AB 33; AB 22; AB 73; AB 77; AB 08,AB 66; AB 30; AB 49; AB 36; AB 04,AB 30; AB 33; AB 22; AB 04; AB 73
29,AB 28,i,V,7,8,2.292481,2.807355,4.005405,0.427546,0.833333,0.113917,CV,0.255194,4,AB 83; AB 56; AB 64; AB 61,AB 51; AB 44; AB 06; AB 24; AB 52,AB 24; AB 83; AB 06; AB 44; AB 56
30,AB 14,do,CV,23,19,4.264578,4.523562,3.328207,0.281260,1.000000,0.412371,V,0.236215,7,AB 09; AB 29; AB 24; AB 87; AB 37,AB 66; AB 30; AB 49; AB 36; AB 04,AB 09; AB 29; AB 01; AB 24; AB 87
31,AB 10,u,V,32,28,4.488517,5.000000,4.005405,0.120585,1.000000,0.604938,CV,0.229715,8,AB 32; AB 38; AB 113; AB 31; AB 42,AB 51; AB 44; AB 06; AB 24; AB 52,AB 06; AB 32; AB 38; AB 113; AB 31
32,AB 11,si,CV,7,6,2.750000,2.807355,3.328207,0.173677,0.625000,0.116838,V,0.217022,6,AB 05; AB 60; AB 23; AB 08; AB 07,AB 66; AB 30; AB 49; AB 36; AB 04,AB 05; AB 60; AB 23; AB 08; AB 07
33,AB 31,sa,CV,6,5,2.405639,2.584963,3.328207,0.277113,0.750000,0.103093,V,0.216773,3,AB 32; AB 43; AB 54,AB 66; AB 30; AB 49; AB 36; AB 04,AB 36; AB 66; AB 04; AB 32; AB 43
34,AB 13,me,CV,18,23,3.885246,4.169925,3.328207,0.167319,0.804878,0.295533,V,0.214124,9,AB 72; AB 96; AB 32; AB 13; AB 23,AB 66; AB 30; AB 49; AB 36; AB 04,AB 72; AB 96; AB 32; AB 13; AB 23
35,AB 12,so,CV,22,15,4.154871,4.459432,3.328207,0.248307,1.000000,0.374570,V,0.211694,6,AB 10; AB 59; AB 14; AB 03; AB 07,AB 66; AB 30; AB 49; AB 36; AB 04,AB 10; AB 59; AB 51; AB 26; AB 14
36,AB 69,tu,CV,7,7,2.550341,2.807355,3.328207,0.233649,0.909091,0.233677,V,0.190835,4,AB 02; AB 62; AB 24; AB 89,AB 66; AB 30; AB 49; AB 36; AB 04,AB 02; AB 36; AB 62; AB 24; AB 89
37,AB 40,wi,CV,6,7,2.500000,2.584963,3.328207,0.248770,0.875000,0.134021,V,0.177214,4,AB 63; AB 47; AB 06; AB 08,AB 66; AB 30; AB 49; AB 36; AB 04,AB 66; AB 63; AB 47; AB 06; AB 04
38,AB 38,e,V,22,19,4.256565,4.459432,4.005405,0.062690,0.933333,0.403479,CV,0.166120,7,AB 08; AB 14; AB 90; AB 47; AB 65,AB 51; AB 44; AB 06; AB 24; AB 52,AB 08; AB 23; AB 59; AB 14; AB 90
39,AB 05,to,CV,12,12,3.375000,3.584963,3.328207,0.014055,0.750000,0.192440,V,0.138354,5,AB 07; AB 20; AB 137; AB 12; AB 42,AB 66; AB 30; AB 49; AB 36; AB 04,AB 26; AB 66; AB 07; AB 20; AB 137
40,AB 35,ti,CV,13,17,3.584184,3.700440,3.328207,0.076888,1.000000,0.281787,V,0.115291,5,AB 07; AB 44; AB 85; AB 73; AB 06,AB 66; AB 30; AB 49; AB 36; AB 04,AB 04; AB 07; AB 26; AB 30; AB 49
41,AB 55,nu,CV,12,11,3.452820,3.584963,3.328207,0.037430,0.937500,0.268041,V,0.114134,7,AB 73; AB 63; AB 29; AB 08; AB 88,AB 66; AB 30; AB 49; AB 36; AB 04,AB 73; AB 63; AB 30; AB 29; AB 08
42,AB 53,ri,CV,10,12,3.277613,3.321928,3.328207,0.015197,0.909091,0.250859,V,0.108609,7,AB 59; AB 61; AB 32; AB 07; AB 21,AB 66; AB 30; AB 49; AB 36; AB 04,AB 59; AB 61; AB 32; AB 01; AB 07
43,AB 17,za,CV,10,13,3.003702,3.321928,3.328207,0.097472,1.000000,0.216495,V,0.103937,7,AB 57; AB 72; AB 45; AB 22f; AB 77,AB 66; AB 30; AB 49; AB 36; AB 04,AB 57; AB 72; AB 45; AB 22f; AB 30
