sign_a,sign_b,count,pmi,mi_contribution,expected_count,log_ratio
AB 107,AB 107,3,9.356590,0.00671847,0.0046,9.356590
AB 113,AB 14,4,7.297696,0.00698678,0.0254,7.297696
AB 75,AB 92,5,6.701238,0.00801967,0.0481,6.701238
AB 10,AB 42,3,6.439052,0.00462354,0.0346,6.439052
AB 27,AB 47,3,6.297696,0.00452204,0.0381,6.297696
AB 112,AB 07,3,6.173368,0.00443277,0.0416,6.173368
AB 13,AB 96,4,6.127771,0.00586670,0.0572,6.127771
AB 10,AB 113,3,6.117124,0.00439238,0.0432,6.117124
AB 88,AB 75,6,5.964272,0.00856525,0.0961,5.964272
AB 17,AB 72,4,5.781681,0.00553536,0.0727,5.781681
AB 77,AB 22,3,5.696792,0.00409056,0.0578,5.696792
AB 73,AB 88,12,5.674766,0.01629899,0.2349,5.674766
AB 73,AB 86,10,5.518647,0.01320882,0.2181,5.518647
AB 10,AB 31,3,5.439052,0.00390549,0.0692,5.439052
AB 13,AB 72,5,5.071188,0.00606892,0.1487,5.071188
AB 50,AB 28,3,4.937800,0.00354557,0.0979,4.937800
AB 87,AB 92,3,4.886270,0.00350857,0.1014,4.886270
AB 28,AB 24,6,4.753376,0.00682629,0.2225,4.753376
AB 90,AB 87,4,4.649231,0.00445115,0.1594,4.649231
AB 17,AB 57,5,4.614224,0.00552205,0.2042,4.614224
AB 90,AB 57,5,4.614224,0.00552205,0.2042,4.614224
AB 83,AB 44,4,4.550309,0.00435645,0.1707,4.550309
AB 30,AB 61,21,4.514489,0.02269130,0.9188,4.514489
AB 48,AB 47,8,4.511100,0.00863782,0.3508,4.511100
AB 73,AB 75,5,4.464199,0.00534251,0.2265,4.464199
AB 52,AB 12,14,4.452278,0.01491907,0.6395,4.452278
AB 55,AB 73,3,4.394658,0.00315557,0.1426,4.394658
AB 61,AB 73,9,4.366644,0.00940636,0.4363,4.366644
AB 96,AB 26,5,4.349095,0.00520476,0.2453,4.349095
AB 39,AB 07,4,4.173368,0.00399557,0.2217,4.173368
AB 45,AB 55,3,4.172265,0.00299588,0.1664,4.172265
AB 50,AB 43,3,4.160193,0.00298721,0.1678,4.160193
AB 14,AB 09,6,4.138498,0.00594327,0.3407,4.138498
AB 92,AB 56,4,4.134197,0.00395806,0.2278,4.134197
AB 21f,AB 23,3,4.080465,0.00292997,0.1773,4.080465
AB 12,AB 10,6,4.012787,0.00576274,0.3717,4.012787
AB 13,AB 13,4,3.957846,0.00378923,0.2574,3.957846
AB 87,AB 29,15,3.938737,0.01414099,0.9782,3.938737
AB 26,AB 76,3,3.934058,0.00282484,0.1963,3.934058
AB 24,AB 55,4,3.888305,0.00372265,0.2701,3.888305
AB 88,AB 87,3,3.886270,0.00279052,0.2029,3.886270
AB 24,AB 14,9,3.823765,0.00823693,0.6356,3.823765
AB 17,AB 45,3,3.800297,0.00272879,0.2153,3.800297
AB 46,AB 49,14,3.763065,0.01260960,1.0312,3.763065
AB 29,AB 77,15,3.749260,0.01346072,1.1155,3.749260
AB 61,AB 87,5,3.730151,0.00446404,0.3768,3.730151
AB 10,AB 38,4,3.724806,0.00356611,0.3025,3.724806
AB 63,AB 61,4,3.717551,0.00355917,0.3041,3.717551
AB 69,AB 02,4,3.694218,0.00353683,0.3090,3.694218
AB 57,AB 12,5,3.647391,0.00436500,0.3990,3.647391
AB 31,AB 36,3,3.619624,0.00259906,0.2441,3.619624
AB 51,AB 39,4,3.575230,0.00342291,0.3356,3.575230
AB 77,AB 33,3,3.549951,0.00254903,0.2561,3.549951
AB 30,AB 21f,3,3.500683,0.00251365,0.2650,3.500683
AB 59,AB 47,8,3.449699,0.00660546,0.7322,3.449699
AB 30,AB 52,22,3.411678,0.01796480,2.0673,3.411678
AB 05,AB 26,4,3.261632,0.00312267,0.4171,3.261632
AB 10,AB 06,13,3.250748,0.01011482,1.3657,3.250748
AB 57,AB 22f,5,3.215675,0.00384834,0.5382,3.215675
AB 22f,AB 13,3,3.176681,0.00228101,0.3318,3.176681
AB 46,AB 34,3,3.083571,0.00221415,0.3539,3.083571
AB 08,AB 44,17,3.067023,0.01247951,2.0285,3.067023
AB 85,AB 46,14,3.065913,0.01027352,1.6718,3.065913
AB 46,AB 44,4,3.052809,0.00292275,0.4820,3.052809
AB 07,AB 38,4,3.044085,0.00291439,0.4850,3.044085
AB 30,AB 30,20,3.025598,0.01448348,2.4560,3.025598
AB 50,AB 56,7,2.967548,0.00497196,0.8949,2.967548
AB 23,AB 65,11,2.967007,0.00781165,1.4068,2.967007
AB 66,AB 48,14,2.958559,0.00991379,1.8010,2.958559
AB 73,AB 48,3,2.958559,0.00212438,0.3859,2.958559
AB 26,AB 34,11,2.950546,0.00776831,1.4230,2.950546
AB 47,AB 65,7,2.947199,0.00493786,0.9076,2.947199
AB 12,AB 59,4,2.930325,0.00280548,0.5247,2.930325
AB 48,AB 29,6,2.926137,0.00420221,0.7894,2.926137
AB 36,AB 72,6,2.919185,0.00419222,0.7932,2.919185
AB 13,AB 23,4,2.910540,0.00278654,0.5320,2.910540
AB 45,AB 50,4,2.893406,0.00277014,0.5383,2.893406
AB 59,AB 06,14,2.860164,0.00958408,1.9281,2.860164
AB 38,AB 23,3,2.858073,0.00205223,0.4138,2.858073
AB 50,AB 65,6,2.850337,0.00409335,0.8320,2.850337
AB 22f,AB 59,5,2.820537,0.00337546,0.7078,2.820537
AB 38,AB 59,3,2.812269,0.00201934,0.4271,2.812269
AB 34,AB 06,8,2.779791,0.00532272,1.1649,2.779791
AB 32,AB 33,3,2.777903,0.00199466,0.4374,2.777903
AB 64,AB 07,3,2.758331,0.00198061,0.4434,2.758331
AB 86,AB 29,3,2.749260,0.00197410,0.4462,2.749260
AB 61,AB 10,3,2.738612,0.00196645,0.4495,2.738612
AB 63,AB 45,3,2.736166,0.00196470,0.4502,2.736166
AB 01,AB 12,5,2.718275,0.00325308,0.7598,2.718275
AB 35,AB 04,3,2.717551,0.00195133,0.4561,2.717551
AB 34,AB 51,8,2.717249,0.00520297,1.2165,2.717249
AB 03,AB 38,3,2.710731,0.00194643,0.4583,2.710731
AB 07,AB 06,14,2.676942,0.00897013,2.1892,2.676942
AB 51,AB 06,21,2.663767,0.01338897,3.3139,2.663767
AB 13,AB 32,4,2.655283,0.00254216,0.6350,2.655283
AB 26,AB 61,8,2.648656,0.00507162,1.2757,2.648656
AB 88,AB 29,3,2.642344,0.00189733,0.4805,2.642344
AB 22f,AB 73,3,2.624140,0.00188426,0.4866,2.624140
AB 63,AB 32,4,2.623575,0.00251180,0.6491,2.623575
AB 09,AB 22f,3,2.602445,0.00186868,0.4940,2.602445
AB 49,AB 30,18,2.591657,0.01116559,2.9861,2.591657
AB 23,AB 12,3,2.561091,0.00183898,0.5083,2.561091
AB 59,AB 01,10,2.559577,0.00612632,1.6963,2.559577
AB 01,AB 24,13,2.557267,0.00795703,2.2087,2.557267
AB 57,AB 50,3,2.555331,0.00183485,0.5104,2.555331
AB 06,AB 10,8,2.550309,0.00488331,1.3657,2.550309
AB 52,AB 22f,5,2.535135,0.00303391,0.8626,2.535135
AB 03,AB 09,5,2.510891,0.00300490,0.8772,2.510891
AB 71,AB 07,3,2.510403,0.00180259,0.5265,2.510403
AB 07,AB 56,10,2.495296,0.00597247,1.7735,2.495296
AB 32,AB 71,3,2.484171,0.00178375,0.5362,2.484171
AB 56,AB 02,17,2.482121,0.01009958,3.0427,2.482121
AB 44,AB 24,7,2.479342,0.00415400,1.2553,2.479342
AB 23,AB 63,3,2.463794,0.00176912,0.5438,2.463794
AB 13,AB 56,4,2.449699,0.00234533,0.7322,2.449699
AB 64,AB 29,3,2.449699,0.00175900,0.5491,2.449699
AB 51,AB 26,22,2.442205,0.01285986,4.0480,2.442205
AB 48,AB 06,5,2.436138,0.00291544,0.9239,2.436138
AB 66,AB 02,39,2.413274,0.02252697,7.3214,2.413274
AB 32,AB 14,3,2.410171,0.00173062,0.5644,2.410171
AB 29,AB 50,5,2.405305,0.00287854,0.9438,2.405305
AB 24,AB 54,3,2.390806,0.00171671,0.5720,2.390806
AB 57,AB 03,5,2.387155,0.00285682,0.9558,2.387155
AB 10,AB 32,5,2.381602,0.00285017,0.9595,2.381602
AB 24,AB 07,9,2.377509,0.00512149,1.7320,2.377509
AB 26,AB 64,4,2.349095,0.00224901,0.7851,2.349095
AB 03,AB 13,3,2.348161,0.00168609,0.5892,2.348161
AB 65,AB 23,7,2.314931,0.00387853,1.4068,2.314931
AB 03,AB 49,11,2.313604,0.00609135,2.2127,2.313604
AB 56,AB 45,6,2.259728,0.00324518,1.2529,2.259728
AB 06,AB 57,7,2.255302,0.00377863,1.4662,2.255302
AB 47,AB 32,4,2.240246,0.00214480,0.8466,2.240246
AB 32,AB 47,4,2.240246,0.00214480,0.8466,2.240246
AB 08,AB 51,20,2.238947,0.01071779,4.2368,2.238947
AB 48,AB 07,3,2.234769,0.00160467,0.6374,2.234769
AB 23,AB 07,6,2.219172,0.00318694,1.2886,2.219172
AB 08,AB 09,8,2.217252,0.00424558,1.7204,2.217252
AB 56,AB 09,5,2.197391,0.00262972,1.0902,2.197391
AB 03,AB 52,7,2.192042,0.00367264,1.5319,2.192042
AB 44,AB 73,3,2.178340,0.00156415,0.6628,2.178340
AB 50,AB 59,3,2.160193,0.00155112,0.6712,2.160193
AB 32,AB 32,7,2.160076,0.00361908,1.5662,2.160076
AB 38,AB 08,4,2.154058,0.00206229,0.8987,2.154058
AB 73,AB 29,5,2.142271,0.00256375,1.1326,2.142271
AB 45,AB 01,6,2.140787,0.00307437,1.3605,2.140787
AB 63,AB 52,3,2.132588,0.00153130,0.6841,2.132588
AB 52,AB 63,3,2.132588,0.00153130,0.6841,2.132588
AB 14,AB 29,3,2.127771,0.00152784,0.6864,2.127771
AB 29,AB 14,3,2.127771,0.00152784,0.6864,2.127771
AB 30,AB 23,7,2.090807,0.00350303,1.6432,2.090807
AB 54,AB 66,6,2.089803,0.00300115,1.4095,2.089803
AB 65,AB 07,7,2.085905,0.00349481,1.6488,2.085905
AB 34,AB 56,4,2.083571,0.00199480,0.9437,2.083571
AB 47,AB 04,5,2.071188,0.00247868,1.1898,2.071188
AB 06,AB 65,10,2.064882,0.00494227,2.3901,2.064882
AB 08,AB 45,8,2.016554,0.00386128,1.9772,2.016554
AB 22f,AB 08,6,2.010322,0.00288701,1.4893,2.010322
AB 66,AB 64,5,1.996694,0.00238953,1.2529,1.996694
AB 30,AB 12,3,1.981309,0.00142267,0.7598,1.981309
AB 50,AB 07,3,1.976971,0.00141956,0.7621,1.976971
AB 30,AB 22f,4,1.964630,0.00188093,1.0248,1.964630
AB 04,AB 77,5,1.955710,0.00234049,1.2890,1.955710
AB 03,AB 01,7,1.943466,0.00325617,1.8199,1.943466
AB 04,AB 73,5,1.933684,0.00231413,1.3088,1.933684
AB 26,AB 01,13,1.930594,0.00600711,3.4102,1.930594
AB 23,AB 04,7,1.924346,0.00322413,1.8442,1.924346
AB 13,AB 30,3,1.915721,0.00137558,0.7951,1.915721
AB 06,AB 36,18,1.900806,0.00818921,4.8203,1.900806
AB 03,AB 51,8,1.888730,0.00361652,2.1604,1.888730
AB 07,AB 52,6,1.887966,0.00271130,1.6211,1.887966
AB 01,AB 63,3,1.884012,0.00135281,0.8128,1.884012
AB 01,AB 48,3,1.884012,0.00135281,0.8128,1.884012
AB 22f,AB 32,3,1.874118,0.00134570,0.8184,1.874118
AB 06,AB 32,8,1.843356,0.00352964,2.2294,1.843356
AB 32,AB 65,6,1.837281,0.00263851,1.6791,1.837281
AB 36,AB 23,10,1.817431,0.00435000,2.8373,1.817431
AB 09,AB 49,5,1.796512,0.00214997,1.4393,1.796512
AB 56,AB 24,7,1.783123,0.00298752,2.0339,1.783123
AB 65,AB 45,4,1.779948,0.00170411,1.1648,1.779948
AB 24,AB 51,9,1.779371,0.00383302,2.6218,1.779371
AB 65,AB 04,8,1.761332,0.00337258,2.3598,1.761332
AB 59,AB 57,3,1.751728,0.00125782,0.8908,1.751728
AB 57,AB 59,3,1.751728,0.00125782,0.8908,1.751728
AB 49,AB 24,9,1.744814,0.00375857,2.6854,1.744814
AB 01,AB 10,4,1.735148,0.00166122,1.2015,1.735148
AB 08,AB 52,10,1.734904,0.00415248,3.0043,1.734904
AB 12,AB 51,3,1.733928,0.00124504,0.9019,1.733928
AB 07,AB 07,5,1.727112,0.00206691,1.5103,1.727112
AB 49,AB 49,12,1.724756,0.00495382,3.6306,1.724756
AB 45,AB 23,3,1.720569,0.00123545,0.9103,1.720569
AB 51,AB 22f,4,1.717249,0.00164409,1.2165,1.717249
AB 04,AB 45,5,1.711292,0.00204798,1.5269,1.711292
AB 52,AB 03,5,1.706615,0.00204238,1.5319,1.706615
AB 06,AB 63,3,1.699172,0.00122009,0.9239,1.699172
AB 45,AB 06,5,1.692913,0.00202599,1.5465,1.692913
AB 71,AB 26,3,1.686130,0.00121072,0.9323,1.686130
AB 22f,AB 56,3,1.668534,0.00119809,0.9437,1.668534
AB 65,AB 24,6,1.665913,0.00239241,1.8909,1.665913
AB 56,AB 52,6,1.656150,0.00237839,1.9037,1.656150
AB 50,AB 30,3,1.626214,0.00116770,0.9718,1.626214
AB 56,AB 47,3,1.619624,0.00116297,0.9763,1.619624
AB 36,AB 64,3,1.619624,0.00116297,0.9763,1.619624
AB 32,AB 01,6,1.613158,0.00231665,1.9613,1.613158
AB 26,AB 09,5,1.604934,0.00192070,1.6438,1.604934
AB 52,AB 32,5,1.598700,0.00191324,1.6509,1.598700
AB 45,AB 29,4,1.597950,0.00152987,1.3214,1.597950
AB 45,AB 49,5,1.595814,0.00190978,1.6542,1.595814
AB 52,AB 08,9,1.582901,0.00340979,3.0043,1.582901
AB 59,AB 51,6,1.575230,0.00226218,2.0135,1.575230
AB 65,AB 32,5,1.574247,0.00188397,1.6791,1.574247
AB 66,AB 03,12,1.573228,0.00451861,4.0327,1.573228
AB 03,AB 45,3,1.573228,0.00112965,1.0082,1.573228
AB 44,AB 29,4,1.560956,0.00149445,1.3557,1.560956
AB 01,AB 45,4,1.555825,0.00148954,1.3605,1.555825
AB 30,AB 45,4,1.555825,0.00148954,1.3605,1.555825
AB 49,AB 46,3,1.540673,0.00110628,1.0312,1.540673
AB 01,AB 52,6,1.537209,0.00220758,2.0673,1.537209
AB 36,AB 87,5,1.523700,0.00182348,1.7390,1.523700
AB 01,AB 44,4,1.518831,0.00145412,1.3959,1.518831
AB 30,AB 65,6,1.512756,0.00217246,2.1026,1.512756
AB 12,AB 26,3,1.507793,0.00108267,1.0549,1.507793
AB 07,AB 45,3,1.491544,0.00107100,1.0669,1.491544
AB 49,AB 09,4,1.474584,0.00141176,1.4393,1.474584
AB 04,AB 57,4,1.466326,0.00140385,1.4476,1.466326
AB 52,AB 57,3,1.466326,0.00105289,1.0857,1.466326
AB 32,AB 03,4,1.460636,0.00139841,1.4533,1.460636
AB 65,AB 26,8,1.454278,0.00278464,2.9195,1.454278
AB 06,AB 50,3,1.441374,0.00103497,1.1046,1.441374
AB 49,AB 03,6,1.439135,0.00206673,2.2127,1.439135
AB 32,AB 44,3,1.428318,0.00102560,1.1147,1.428318
AB 52,AB 24,5,1.427331,0.00170815,1.8591,1.427331
AB 26,AB 49,11,1.407647,0.00370611,4.1462,1.407647
AB 62,AB 06,15,1.389844,0.00498987,5.7241,1.389844
AB 45,AB 04,4,1.389364,0.00133017,1.5269,1.389364
AB 77,AB 30,3,1.385206,0.00099464,1.1485,1.385206
AB 30,AB 77,3,1.385206,0.00099464,1.1485,1.385206
AB 04,AB 34,3,1.383132,0.00099315,1.1502,1.383132
AB 34,AB 04,3,1.383132,0.00099315,1.1502,1.383132
AB 56,AB 51,7,1.382585,0.00231644,2.6847,1.382585
AB 24,AB 57,3,1.370906,0.00098437,1.1599,1.370906
AB 52,AB 04,6,1.370748,0.00196852,2.3201,1.370748
AB 49,AB 07,6,1.357451,0.00194943,2.3416,1.357451
AB 44,AB 52,3,1.352369,0.00097106,1.1749,1.352369
AB 08,AB 48,3,1.344741,0.00096559,1.1812,1.344741
AB 49,AB 50,3,1.344276,0.00096525,1.1816,1.344276
AB 09,AB 30,3,1.341485,0.00096325,1.1838,1.341485
AB 08,AB 30,9,1.334325,0.00287432,3.5692,1.334325
AB 32,AB 49,6,1.331220,0.00191176,2.3846,1.331220
AB 44,AB 65,3,1.327916,0.00095351,1.1950,1.327916
AB 45,AB 51,4,1.308444,0.00125270,1.6150,1.308444
AB 51,AB 29,7,1.305769,0.00218774,2.8315,1.305769
AB 23,AB 66,9,1.305532,0.00281230,3.6411,1.305532
AB 51,AB 34,3,1.302212,0.00093505,1.2165,1.302212
AB 29,AB 59,4,1.279774,0.00122525,1.6474,1.279774
AB 06,AB 03,5,1.273199,0.00152369,2.0687,1.273199
AB 26,AB 85,16,1.251063,0.00479105,6.7222,1.251063
AB 01,AB 65,5,1.249722,0.00149560,2.1026,1.249722
AB 32,AB 23,3,1.192940,0.00085659,1.3122,1.192940
AB 08,AB 03,6,1.181803,0.00169718,2.6448,1.181803
AB 06,AB 73,3,1.178340,0.00084610,1.3256,1.178340
AB 22f,AB 36,4,1.176681,0.00112655,1.7695,1.176681
AB 36,AB 34,4,1.176681,0.00112655,1.7695,1.176681
AB 29,AB 04,6,1.164297,0.00167204,2.6771,1.164297
AB 56,AB 32,4,1.147136,0.00109826,1.8061,1.147136
AB 02,AB 87,3,1.146730,0.00082341,1.3549,1.146730
AB 01,AB 56,5,1.144539,0.00136972,2.2617,1.144539
AB 56,AB 30,5,1.144539,0.00136972,2.2617,1.144539
AB 65,AB 36,8,1.139844,0.00218256,3.6305,1.139844
AB 08,AB 24,7,1.124912,0.00188472,3.2097,1.124912
AB 51,AB 73,3,1.115799,0.00080120,1.3843,1.115799
AB 62,AB 03,8,1.100234,0.00210672,3.7315,1.100234
AB 06,AB 23,4,1.098613,0.00105181,1.8679,1.098613
AB 07,AB 29,4,1.096552,0.00104983,1.8705,1.096552
AB 63,AB 36,3,1.096062,0.00078702,1.4034,1.096062
AB 08,AB 50,3,1.086944,0.00078048,1.4123,1.086944
AB 29,AB 51,6,1.083377,0.00155583,2.8315,1.083377
AB 10,AB 51,3,1.072730,0.00077027,1.4263,1.072730
AB 03,AB 07,3,1.071830,0.00076962,1.4271,1.071830
AB 52,AB 56,4,1.071188,0.00102555,1.9037,1.071188
AB 08,AB 23,5,1.066110,0.00127586,2.3880,1.066110
AB 07,AB 01,4,1.054427,0.00100950,1.9260,1.054427
AB 26,AB 44,4,1.045315,0.00100078,1.9382,1.045315
AB 26,AB 06,8,1.045315,0.00200156,3.8763,1.045315
AB 49,AB 10,3,1.038173,0.00074546,1.4608,1.038173
AB 47,AB 26,3,1.027167,0.00073755,1.4720,1.027167
AB 08,AB 59,5,1.020306,0.00122105,2.4651,1.020306
AB 08,AB 22f,3,1.010322,0.00072546,1.4893,1.010322
AB 65,AB 51,5,1.002340,0.00119955,2.4959,1.002340
AB 23,AB 49,4,1.001514,0.00095885,1.9979,1.001514
AB 56,AB 23,3,0.987356,0.00070897,1.5132,0.987356
AB 24,AB 59,3,0.975768,0.00070065,1.5254,0.975768
AB 08,AB 65,6,0.973486,0.00139802,3.0556,0.973486
AB 49,AB 65,5,0.967783,0.00115819,2.5565,0.967783
AB 32,AB 07,3,0.963915,0.00069214,1.5380,0.963915
AB 65,AB 03,3,0.945197,0.00067870,1.5581,0.945197
AB 59,AB 56,3,0.941552,0.00067608,1.5620,0.941552
AB 06,AB 04,6,0.937332,0.00134610,3.1332,0.937332
AB 02,AB 73,3,0.935226,0.00067154,1.5689,0.935226
AB 51,AB 24,5,0.931374,0.00111462,2.6218,0.931374
AB 36,AB 01,8,0.915721,0.00175341,4.2406,0.915721
AB 24,AB 08,6,0.902519,0.00129610,3.2097,0.902519
AB 51,AB 45,3,0.893406,0.00064151,1.6150,0.893406
AB 62,AB 13,3,0.879844,0.00063177,1.6303,0.879844
AB 26,AB 32,5,0.876608,0.00104908,2.7232,0.876608
AB 01,AB 23,3,0.868415,0.00062356,1.6432,0.868415
AB 23,AB 01,3,0.868415,0.00062356,1.6432,0.868415
AB 23,AB 30,3,0.868415,0.00062356,1.6432,0.868415
AB 49,AB 56,5,0.862601,0.00103231,2.7498,0.862601
AB 30,AB 24,4,0.856827,0.00082032,2.2087,0.856827
AB 36,AB 57,4,0.844837,0.00080884,2.2271,0.844837
AB 06,AB 01,5,0.840759,0.00100617,2.7917,0.840759
AB 62,AB 23,6,0.832538,0.00119560,3.3692,0.832538
AB 56,AB 01,4,0.822611,0.00078756,2.2617,0.822611
AB 49,AB 44,3,0.821855,0.00059013,1.6971,0.821855
AB 22f,AB 66,4,0.816785,0.00078199,2.2708,0.816785
AB 01,AB 26,6,0.815117,0.00117058,3.4102,0.815117
AB 07,AB 24,3,0.792546,0.00056909,1.7320,0.792546
AB 29,AB 29,4,0.787921,0.00075435,2.3167,0.787921
AB 51,AB 32,4,0.780814,0.00074755,2.3282,0.780814
AB 66,AB 29,9,0.767875,0.00165411,5.2855,0.767875
AB 52,AB 06,4,0.767407,0.00073471,2.3499,0.767407
AB 24,AB 32,3,0.766315,0.00055025,1.7638,0.766315
AB 59,AB 26,4,0.764133,0.00073158,2.3552,0.764133
AB 85,AB 10,4,0.756057,0.00072385,2.3684,0.756057
AB 08,AB 01,6,0.749362,0.00107615,3.5692,0.749362
AB 32,AB 56,3,0.732099,0.00052568,1.8061,0.732099
AB 03,AB 30,3,0.721073,0.00051776,1.8199,0.721073
AB 62,AB 09,4,0.720645,0.00068994,2.4273,0.720645
AB 51,AB 52,4,0.704865,0.00067484,2.4540,0.704865
AB 04,AB 04,5,0.692676,0.00082896,3.0935,0.692676
AB 08,AB 49,7,0.689816,0.00115575,4.3395,0.689816
AB 26,AB 56,5,0.671023,0.00080304,3.1403,0.671023
AB 52,AB 49,4,0.670308,0.00064175,2.5135,0.670308
AB 45,AB 26,3,0.667271,0.00047913,1.8891,0.667271
AB 56,AB 04,4,0.656150,0.00062820,2.5383,0.656150
AB 32,AB 29,3,0.655283,0.00047052,1.9049,0.655283
AB 06,AB 62,9,0.652878,0.00140639,5.7241,0.652878
AB 06,AB 59,3,0.637772,0.00045795,1.9281,0.637772
AB 65,AB 56,3,0.631697,0.00045359,1.9363,0.631697
AB 04,AB 51,5,0.611756,0.00073212,3.2720,0.611756
AB 30,AB 02,5,0.597645,0.00071523,3.3042,0.597645
AB 01,AB 02,5,0.597645,0.00071523,3.3042,0.597645
AB 04,AB 29,4,0.579335,0.00055465,2.6771,0.579335
AB 24,AB 49,4,0.574889,0.00055040,2.6854,0.574889
AB 06,AB 29,4,0.560956,0.00053706,2.7114,0.560956
AB 36,AB 04,7,0.556614,0.00093258,4.7593,0.556614
AB 29,AB 65,3,0.554881,0.00039843,2.0421,0.554881
AB 09,AB 36,3,0.553535,0.00039746,2.0440,0.553535
AB 59,AB 49,3,0.540673,0.00038823,2.0624,0.540673
AB 04,AB 30,4,0.537209,0.00051432,2.7564,0.537209
AB 49,AB 26,6,0.533178,0.00076569,4.1462,0.533178
AB 29,AB 08,5,0.528453,0.00063242,3.4665,0.528453
AB 56,AB 56,3,0.526515,0.00037806,2.0827,0.526515
AB 08,AB 07,4,0.515157,0.00049321,2.7989,0.515157
AB 01,AB 36,6,0.500683,0.00071903,4.2406,0.500683
AB 57,AB 66,4,0.484941,0.00046428,2.8581,0.484941
AB 65,AB 62,6,0.476879,0.00068484,4.3112,0.476879
AB 01,AB 62,7,0.475148,0.00079608,5.0358,0.475148
AB 51,AB 03,3,0.473692,0.00034013,2.1604,0.473692
AB 32,AB 66,6,0.465312,0.00066823,4.3459,0.465312
AB 01,AB 51,4,0.456289,0.00043685,2.9154,0.456289
AB 32,AB 04,3,0.446697,0.00032075,2.2012,0.446697
AB 36,AB 26,8,0.442205,0.00084673,5.8881,0.442205
AB 24,AB 30,3,0.441789,0.00031723,2.2087,0.441789
AB 66,AB 59,5,0.411731,0.00049274,3.7586,0.411731
AB 23,AB 26,3,0.394899,0.00028356,2.2816,0.394899
AB 04,AB 26,5,0.385621,0.00046149,3.8272,0.385621
AB 24,AB 26,4,0.383311,0.00036698,3.0667,0.383311
AB 08,AB 36,8,0.376450,0.00072082,6.1626,0.376450
AB 01,AB 66,7,0.363180,0.00060849,5.4421,0.363180
AB 07,AB 49,3,0.357451,0.00025667,2.3416,0.357451
AB 49,AB 32,3,0.331220,0.00023783,2.3846,0.331220
AB 29,AB 01,3,0.330758,0.00023750,2.3854,0.330758
AB 36,AB 44,3,0.315844,0.00022679,2.4101,0.315844
AB 66,AB 24,6,0.293944,0.00042213,4.8940,0.293944
AB 24,AB 66,6,0.293944,0.00042213,4.8940,0.293944
AB 62,AB 10,3,0.284234,0.00020409,2.4635,0.284234
AB 56,AB 08,4,0.283341,0.00027127,3.2867,0.283341
AB 02,AB 30,4,0.275717,0.00026397,3.3042,0.275717
AB 24,AB 04,3,0.275328,0.00019770,2.4788,0.275328
AB 04,AB 24,3,0.275328,0.00019770,2.4788,0.275328
AB 51,AB 65,3,0.265375,0.00019055,2.4959,0.265375
AB 04,AB 49,4,0.255271,0.00024440,3.3513,0.255271
AB 23,AB 62,4,0.247575,0.00023703,3.3692,0.247575
AB 03,AB 26,3,0.247557,0.00017776,2.5270,0.247557
AB 04,AB 56,3,0.241113,0.00017313,2.5383,0.241113
AB 26,AB 30,4,0.230154,0.00022035,3.4102,0.230154
AB 06,AB 56,3,0.222734,0.00015993,2.5708,0.222734
AB 36,AB 49,6,0.218745,0.00031414,5.1559,0.218745
AB 51,AB 51,4,0.208908,0.00020001,3.4608,0.208908
AB 36,AB 62,10,0.201772,0.00048294,8.6948,0.201772
AB 66,AB 09,3,0.193639,0.00013904,2.6232,0.193639
AB 03,AB 08,3,0.181803,0.00013054,2.6448,0.181803
AB 49,AB 51,4,0.174351,0.00016692,3.5447,0.174351
AB 36,AB 52,4,0.164297,0.00015730,3.5695,0.164297
AB 29,AB 06,3,0.145919,0.00010478,2.7114,0.145919
AB 32,AB 26,3,0.139642,0.00010027,2.7232,0.139642
AB 02,AB 04,4,0.109256,0.00010460,3.7083,0.109256
AB 62,AB 45,3,0.104910,0.00007533,2.7896,0.104910
AB 65,AB 02,3,0.084803,0.00006089,2.8287,0.084803
AB 08,AB 32,3,0.073888,0.00005305,2.8502,0.073888
AB 66,AB 57,3,0.069904,0.00005019,2.8581,0.069904
AB 24,AB 36,4,0.068877,0.00006594,3.8135,0.068877
AB 29,AB 49,3,0.048820,0.00003505,2.9002,0.048820
AB 06,AB 26,4,0.045315,0.00004338,3.8763,0.045315
AB 51,AB 01,3,0.041252,0.00002962,2.9154,0.041252
AB 36,AB 56,4,0.034662,0.00003319,3.9050,0.034662
AB 30,AB 49,3,0.006694,0.00000481,2.9861,0.006694
AB 32,AB 62,4,-0.007682,-0.00000735,4.0214,-0.007682
AB 02,AB 56,3,-0.020380,-0.00001463,3.0427,-0.020380
AB 08,AB 06,4,-0.020440,-0.00001957,4.0571,-0.020440
AB 06,AB 08,4,-0.020440,-0.00001957,4.0571,-0.020440
AB 49,AB 36,5,-0.044290,-0.00005300,5.1559,-0.044290
AB 51,AB 08,4,-0.082981,-0.00007945,4.2368,-0.082981
AB 36,AB 30,4,-0.084279,-0.00008069,4.2406,-0.084279
AB 02,AB 29,3,-0.097195,-0.00006979,3.2091,-0.097195
AB 26,AB 66,7,-0.110336,-0.00018486,7.5564,-0.110336
AB 49,AB 08,4,-0.117539,-0.00011253,4.3395,-0.117539
AB 36,AB 07,3,-0.148560,-0.00010667,3.3254,-0.148560
AB 06,AB 49,3,-0.178145,-0.00012792,3.3943,-0.178145
AB 26,AB 36,5,-0.235867,-0.00028227,5.8881,-0.235867
AB 51,AB 49,3,-0.240687,-0.00017282,3.5447,-0.240687
AB 51,AB 62,5,-0.257660,-0.00030835,5.9777,-0.257660
AB 66,AB 23,3,-0.279431,-0.00020064,3.6411,-0.279431
AB 08,AB 62,6,-0.286515,-0.00041146,7.3181,-0.286515
AB 62,AB 08,6,-0.286515,-0.00041146,7.3181,-0.286515
AB 36,AB 36,6,-0.287266,-0.00041254,7.3220,-0.287266
AB 29,AB 62,4,-0.290081,-0.00027772,4.8908,-0.290081
AB 07,AB 62,3,-0.396488,-0.00028470,3.9489,-0.396488
AB 62,AB 07,3,-0.396488,-0.00028470,3.9489,-0.396488
AB 04,AB 08,3,-0.417099,-0.00029950,4.0057,-0.417099
AB 03,AB 66,3,-0.426772,-0.00030644,4.0327,-0.426772
AB 26,AB 51,3,-0.432264,-0.00031039,4.0480,-0.432264
AB 62,AB 66,8,-0.480052,-0.00091920,11.1584,-0.480052
AB 26,AB 62,5,-0.483795,-0.00057898,6.9921,-0.483795
AB 62,AB 26,5,-0.483795,-0.00057898,6.9921,-0.483795
AB 66,AB 32,3,-0.534688,-0.00038393,4.3459,-0.534688
AB 02,AB 66,5,-0.550201,-0.00065845,7.3214,-0.550201
AB 62,AB 62,7,-0.560729,-0.00093947,10.3251,-0.560729
AB 52,AB 66,3,-0.610636,-0.00043847,4.5808,-0.610636
AB 66,AB 52,3,-0.610636,-0.00043847,4.5808,-0.610636
AB 62,AB 56,3,-0.628303,-0.00045115,4.6372,-0.628303
AB 06,AB 66,4,-0.629015,-0.00060222,6.1860,-0.629015
AB 04,AB 36,3,-0.665778,-0.00047806,4.7593,-0.665778
AB 49,AB 66,4,-0.726114,-0.00069518,6.6167,-0.726114
AB 62,AB 30,3,-0.747244,-0.00053656,5.0358,-0.747244
AB 02,AB 36,3,-0.927270,-0.00066582,5.7050,-0.927270
AB 08,AB 66,4,-0.983446,-0.00094155,7.9087,-0.983446
AB 62,AB 51,3,-0.994625,-0.00071419,5.9777,-0.994625
AB 04,AB 66,3,-1.025674,-0.00073648,6.1077,-1.025674
AB 49,AB 62,3,-1.029183,-0.00073900,6.1226,-1.029183
AB 62,AB 49,3,-1.029183,-0.00073900,6.1226,-1.029183
AB 66,AB 06,3,-1.044052,-0.00074968,6.1860,-1.044052
AB 66,AB 51,3,-1.106594,-0.00079459,6.4601,-1.106594
AB 51,AB 66,3,-1.106594,-0.00079459,6.4601,-1.106594
AB 62,AB 36,3,-1.535194,-0.00110234,8.6948,-1.535194
AB 66,AB 66,3,-2.007058,-0.00144116,12.0589,-2.007058
