sign,total_occurrences,initial_count,medial_count,final_count,initial_fraction,medial_fraction,final_fraction,positional_entropy,normalized_positional_entropy,relative_bin_entropy,relative_bin_entropy_normalized,bias
AB 01,139,22,108,13,0.158273,0.776978,0.093525,1.023507,0.645761,3.250702,0.978559,flexible
AB 02,187,94,62,123,0.502674,0.331551,0.657754,1.424400,0.898696,2.299225,0.692136,final
AB 03,103,10,84,9,0.097087,0.815534,0.087379,0.873847,0.551336,3.237900,0.974705,flexible
AB 04,156,40,90,56,0.256410,0.576923,0.358974,1.491853,0.941254,2.963790,0.892190,mixed
AB 05,17,2,14,1,0.117647,0.823529,0.058824,0.834347,0.526414,2.895424,0.871609,flexible
AB 06,158,7,138,14,0.044304,0.873418,0.088608,0.679559,0.428754,3.286669,0.989386,flexible
AB 07,109,9,89,11,0.082569,0.816514,0.100917,0.869805,0.548786,3.231005,0.972629,flexible
AB 08,202,91,101,17,0.450495,0.500000,0.084158,1.318766,0.832048,2.761481,0.831289,mixed
AB 09,67,4,49,16,0.059701,0.731343,0.238806,1.066259,0.672735,3.123957,0.940405,mixed
AB 10,68,11,53,4,0.161765,0.779412,0.058824,0.945793,0.596729,3.145724,0.946957,mixed
AB 102,6,2,4,1,0.333333,0.666667,0.166667,1.349123,0.851202,1.918296,0.577465,mixed
AB 103,1,1,0,0,1.000000,0.000000,0.000000,-0.000000,-0.000000,-0.000000,-0.000000,initial
AB 104,4,1,3,1,0.250000,0.750000,0.250000,1.311278,0.827324,1.500000,0.451545,flexible
AB 105,4,1,3,0,0.250000,0.750000,0.000000,0.811278,0.511860,2.000000,0.602060,mixed
AB 106,4,0,4,0,0.000000,1.000000,0.000000,-0.000000,-0.000000,1.500000,0.451545,flexible
AB 107,6,0,5,1,0.000000,0.833333,0.166667,0.650022,0.410118,2.584963,0.778151,mixed
AB 108,1,0,0,1,0.000000,0.000000,1.000000,-0.000000,-0.000000,-0.000000,-0.000000,final
AB 109,4,0,3,1,0.000000,0.750000,0.250000,0.811278,0.511860,2.000000,0.602060,mixed
AB 11,8,2,6,0,0.250000,0.750000,0.000000,0.811278,0.511860,1.750000,0.526802,mixed
AB 110,4,3,1,3,0.750000,0.250000,0.750000,1.122556,0.708254,0.811278,0.244219,initial
AB 111,5,1,4,1,0.200000,0.800000,0.200000,1.186314,0.748481,1.921928,0.578558,flexible
AB 112,3,0,3,0,0.000000,1.000000,0.000000,-0.000000,-0.000000,0.918296,0.276435,flexible
AB 113,5,0,4,1,0.000000,0.800000,0.200000,0.721928,0.455486,1.921928,0.578558,mixed
AB 114,3,1,2,0,0.333333,0.666667,0.000000,0.918296,0.579380,1.584963,0.477121,mixed
AB 115,3,1,2,0,0.333333,0.666667,0.000000,0.918296,0.579380,1.584963,0.477121,mixed
AB 116,3,2,0,2,0.666667,0.000000,0.666667,0.779950,0.492094,1.584963,0.477121,initial
AB 117,2,0,1,1,0.000000,0.500000,0.500000,1.000000,0.630930,1.000000,0.301030,mixed
AB 119,2,0,1,1,0.000000,0.500000,0.500000,1.000000,0.630930,1.000000,0.301030,mixed
AB 12,43,3,34,6,0.069767,0.790698,0.139535,0.932348,0.588246,3.026793,0.911156,flexible
AB 120,1,0,0,1,0.000000,0.000000,1.000000,-0.000000,-0.000000,-0.000000,-0.000000,final
AB 121,3,3,0,0,1.000000,0.000000,0.000000,-0.000000,-0.000000,-0.000000,-0.000000,initial
AB 122,2,0,2,0,0.000000,1.000000,0.000000,-0.000000,-0.000000,1.000000,0.301030,flexible
AB 123,2,1,0,2,0.500000,0.000000,1.000000,0.500000,0.315465,1.000000,0.301030,final
AB 124,2,0,1,1,0.000000,0.500000,0.500000,1.000000,0.630930,1.000000,0.301030,mixed
AB 126,2,2,0,2,1.000000,0.000000,1.000000,-0.000000,-0.000000,-0.000000,-0.000000,initial
AB 127,2,0,1,1,0.000000,0.500000,0.500000,1.000000,0.630930,1.000000,0.301030,mixed
AB 13,45,8,33,4,0.177778,0.733333,0.088889,1.081520,0.682363,3.079379,0.926985,flexible
AB 130,1,0,1,0,0.000000,1.000000,0.000000,-0.000000,-0.000000,-0.000000,-0.000000,flexible
AB 131,1,0,1,0,0.000000,1.000000,0.000000,-0.000000,-0.000000,-0.000000,-0.000000,flexible
AB 132,1,0,1,0,0.000000,1.000000,0.000000,-0.000000,-0.000000,-0.000000,-0.000000,flexible
AB 133,1,0,1,0,0.000000,1.000000,0.000000,-0.000000,-0.000000,-0.000000,-0.000000,flexible
AB 134,1,0,1,0,0.000000,1.000000,0.000000,-0.000000,-0.000000,-0.000000,-0.000000,flexible
AB 135,1,0,1,0,0.000000,1.000000,0.000000,-0.000000,-0.000000,-0.000000,-0.000000,flexible
AB 136,1,0,1,0,0.000000,1.000000,0.000000,-0.000000,-0.000000,-0.000000,-0.000000,flexible
AB 137,1,0,1,0,0.000000,1.000000,0.000000,-0.000000,-0.000000,-0.000000,-0.000000,flexible
AB 14,40,2,33,5,0.050000,0.825000,0.125000,0.820062,0.517401,3.167408,0.953485,flexible
AB 15,2,0,2,0,0.000000,1.000000,0.000000,-0.000000,-0.000000,1.000000,0.301030,flexible
AB 16,3,3,0,2,1.000000,0.000000,0.666667,0.389975,0.246047,0.918296,0.276435,initial
AB 17,22,6,14,2,0.272727,0.636364,0.090909,1.240671,0.782776,2.826879,0.850976,mixed
AB 18,8,1,6,2,0.125000,0.750000,0.250000,1.186278,0.748458,2.500000,0.752575,mixed
AB 19,5,2,1,3,0.400000,0.200000,0.600000,1.435336,0.905596,1.921928,0.578558,mixed
AB 20,15,5,7,5,0.333333,0.466667,0.333333,1.569758,0.990407,2.739572,0.824693,flexible
AB 21,4,0,3,1,0.000000,0.750000,0.250000,0.811278,0.511860,1.500000,0.451545,mixed
AB 21f,15,3,11,1,0.200000,0.733333,0.066667,1.052982,0.664357,3.006239,0.904968,mixed
AB 22,7,2,1,6,0.285714,0.142857,0.857143,1.108060,0.699108,1.378783,0.415055,final
AB 22f,58,6,44,8,0.103448,0.758621,0.137931,1.035140,0.653101,3.145353,0.946846,flexible
AB 23,93,7,80,7,0.075269,0.860215,0.075269,0.748642,0.472341,3.259606,0.981239,flexible
AB 24,125,13,95,18,0.104000,0.760000,0.144000,1.043105,0.658126,3.242524,0.976097,flexible
AB 26,193,59,121,39,0.305699,0.626943,0.202073,1.411187,0.890360,3.017489,0.908355,mixed
AB 27,5,1,4,0,0.200000,0.800000,0.000000,0.721928,0.455486,2.321928,0.698970,mixed
AB 28,14,3,10,2,0.214286,0.714286,0.142857,1.224011,0.772265,2.413800,0.726626,flexible
AB 29,135,17,92,35,0.125926,0.681481,0.259259,1.258385,0.793953,3.099950,0.933178,mixed
AB 30,139,9,124,6,0.064748,0.892086,0.043165,0.598370,0.377529,3.275032,0.985883,flexible
AB 31,8,1,7,0,0.125000,0.875000,0.000000,0.543564,0.342951,2.155639,0.648912,mixed
AB 32,111,11,88,13,0.099099,0.792793,0.117117,0.958425,0.604699,3.212885,0.967175,flexible
AB 33,31,5,17,9,0.161290,0.548387,0.290323,1.417879,0.894582,2.726025,0.820615,mixed
AB 34,58,5,47,7,0.086207,0.810345,0.120690,0.918863,0.579738,3.234343,0.973634,flexible
AB 35,23,3,18,3,0.130435,0.782609,0.130435,1.043351,0.658281,3.017945,0.908492,flexible
AB 36,240,121,104,108,0.504167,0.433333,0.450000,1.539327,0.971207,2.553839,0.768782,flexible
AB 37,16,2,12,2,0.125000,0.750000,0.125000,1.061278,0.669592,2.827820,0.851259,flexible
AB 38,35,3,27,5,0.085714,0.771429,0.142857,0.993669,0.626935,3.193609,0.961372,flexible
AB 39,16,5,5,7,0.312500,0.312500,0.437500,1.570577,0.990924,1.805037,0.543370,mixed
AB 40,9,2,6,1,0.222222,0.666667,0.111111,1.224394,0.772507,2.725481,0.820451,mixed
AB 41,1,0,1,0,0.000000,1.000000,0.000000,-0.000000,-0.000000,-0.000000,-0.000000,flexible
AB 42,4,0,4,0,0.000000,1.000000,0.000000,-0.000000,-0.000000,1.500000,0.451545,flexible
AB 43,24,5,17,3,0.208333,0.708333,0.125000,1.198861,0.756397,2.755123,0.829375,flexible
AB 44,79,6,67,7,0.075949,0.848101,0.088608,0.793838,0.500856,3.215783,0.968047,flexible
AB 45,77,1,73,3,0.012987,0.948052,0.038961,0.336760,0.212472,3.238861,0.974994,flexible
AB 46,48,10,33,8,0.208333,0.687500,0.166667,1.273933,0.803762,3.087786,0.929516,flexible
AB 47,60,8,48,5,0.133333,0.800000,0.083333,0.943875,0.595519,3.204041,0.964512,flexible
AB 48,46,4,38,4,0.086957,0.826087,0.086957,0.840491,0.530291,3.203927,0.964478,flexible
AB 49,169,28,119,25,0.165680,0.704142,0.147929,1.193879,0.753254,3.194580,0.961664,flexible
AB 50,55,8,44,6,0.145455,0.800000,0.109091,1.010802,0.637745,3.235373,0.973944,flexible
AB 51,165,31,120,29,0.187879,0.727273,0.175758,1.228179,0.774895,3.115681,0.937913,flexible
AB 52,117,11,95,11,0.094017,0.811966,0.094017,0.885375,0.558610,3.207882,0.965669,flexible
AB 53,29,16,10,18,0.551724,0.344828,0.620690,1.430111,0.902300,2.190455,0.659393,final
AB 54,36,3,31,2,0.083333,0.861111,0.055556,0.716176,0.451857,3.242590,0.976117,flexible
AB 55,17,1,15,1,0.058824,0.882353,0.058824,0.640206,0.403925,2.578552,0.776221,flexible
AB 56,128,19,99,14,0.148438,0.773438,0.109375,1.044376,0.658928,3.253628,0.979440,flexible
AB 57,73,8,57,8,0.109589,0.780822,0.109589,0.977842,0.616950,3.184058,0.958497,flexible
AB 58,15,0,14,1,0.000000,0.933333,0.066667,0.353359,0.222945,2.656565,0.799706,flexible
AB 59,96,11,74,15,0.114583,0.770833,0.156250,1.066037,0.672595,3.177583,0.956548,flexible
AB 60,47,46,0,47,0.978723,0.000000,1.000000,0.030367,0.019159,0.148549,0.044718,initial
AB 61,52,3,34,16,0.057692,0.653846,0.307692,1.161436,0.732785,2.940325,0.885126,mixed
AB 62,285,176,89,172,0.617544,0.312281,0.603509,1.393466,0.879179,2.298285,0.691853,initial
AB 63,46,9,29,8,0.195652,0.630435,0.173913,1.318980,0.832184,3.021179,0.909466,flexible
AB 64,32,5,22,5,0.156250,0.687500,0.156250,1.208538,0.762503,2.878928,0.866644,flexible
AB 65,119,11,102,7,0.092437,0.857143,0.058824,0.748618,0.472325,3.249296,0.978135,flexible
AB 66,308,167,130,164,0.542208,0.422078,0.532468,1.488194,0.938946,2.316570,0.697357,flexible
AB 67,3,2,1,2,0.666667,0.333333,0.666667,1.308271,0.825427,0.918296,0.276435,initial
AB 68,8,1,6,1,0.125000,0.750000,0.125000,1.061278,0.669592,2.500000,0.752575,flexible
AB 69,13,4,7,2,0.307692,0.538462,0.153846,1.419556,0.895640,2.411602,0.725965,mixed
AB 70,2,0,2,0,0.000000,1.000000,0.000000,-0.000000,-0.000000,1.000000,0.301030,flexible
AB 71,38,10,22,9,0.263158,0.578947,0.236842,1.455498,0.918317,2.849019,0.857640,flexible
AB 72,26,1,20,5,0.038462,0.769231,0.192308,0.929355,0.586358,2.626742,0.790728,mixed
AB 73,66,8,51,9,0.121212,0.772727,0.136364,1.048421,0.661480,3.140489,0.945381,flexible
AB 75,27,1,19,8,0.037037,0.703704,0.296296,1.052823,0.664258,2.874484,0.865306,mixed
AB 76,8,1,7,0,0.125000,0.875000,0.000000,0.543564,0.342951,2.750000,0.827832,mixed
AB 77,65,16,33,29,0.246154,0.507692,0.446154,1.513819,0.955113,2.918896,0.878675,mixed
AB 78,4,0,4,0,0.000000,1.000000,0.000000,-0.000000,-0.000000,2.000000,0.602060,flexible
AB 79,6,0,3,3,0.000000,0.500000,0.500000,1.000000,0.630930,1.792481,0.539591,mixed
AB 80,15,14,1,13,0.933333,0.066667,0.866667,0.532283,0.335833,0.699843,0.210674,initial
AB 81,2,0,2,0,0.000000,1.000000,0.000000,-0.000000,-0.000000,1.000000,0.301030,flexible
AB 82,11,7,0,9,0.636364,0.000000,0.818182,0.651827,0.411257,1.494919,0.450015,initial
AB 83,17,9,7,4,0.529412,0.411765,0.235294,1.504026,0.948935,2.498078,0.751996,mixed
AB 84,1,1,0,1,1.000000,0.000000,1.000000,-0.000000,-0.000000,-0.000000,-0.000000,initial
AB 85,274,238,31,239,0.868613,0.113139,0.872263,0.704184,0.444291,0.917367,0.276155,initial
AB 86,26,6,16,7,0.230769,0.615385,0.269231,1.428904,0.901538,2.780588,0.837040,flexible
AB 87,57,11,32,18,0.192982,0.561404,0.315789,1.450770,0.915334,2.984510,0.898427,mixed
AB 88,28,2,20,8,0.071429,0.714286,0.285714,1.135074,0.716152,2.337310,0.703600,mixed
AB 89,20,4,12,5,0.200000,0.600000,0.250000,1.406565,0.887444,2.984184,0.898329,flexible
AB 90,22,6,12,5,0.272727,0.545455,0.227273,1.473998,0.929989,2.681276,0.807145,flexible
AB 91,8,2,4,2,0.250000,0.500000,0.250000,1.500000,0.946395,2.500000,0.752575,flexible
AB 92,14,3,11,2,0.214286,0.785714,0.142857,1.150646,0.725977,2.610577,0.785862,flexible
AB 93,6,0,6,0,0.000000,1.000000,0.000000,-0.000000,-0.000000,2.251629,0.677808,flexible
AB 94,4,1,2,1,0.250000,0.500000,0.250000,1.500000,0.946395,1.500000,0.451545,flexible
AB 95,2,0,2,0,0.000000,1.000000,0.000000,-0.000000,-0.000000,1.000000,0.301030,flexible
AB 96,10,0,10,0,0.000000,1.000000,0.000000,-0.000000,-0.000000,2.046439,0.616040,flexible
AB 98,8,1,5,2,0.125000,0.625000,0.250000,1.298795,0.819448,1.905639,0.573655,mixed
