n,chunk,n_inscriptions,inscriptions
2,AB 85 AB 46,13,IOZa2;IOZa3;IOZa4;IOZa7;IOZa8;KOZa1;PKZa11;PKZa12;SYZa1;SYZa2;SYZa3;SYZa4;SYZa8
2,AB 51 AB 26,12,IOZa2;IOZa3;IOZa6;IOZa7;KOZa1;PKZa11;PKZa12;SYZa1;SYZa2;SYZa3;SYZa4;SYZa8
2,AB 26 AB 85,12,IOZa2;IOZa3;IOZa6;IOZa7;KOZa1;PKZa11;PKZa12;SYZa1;SYZa2;SYZa3;SYZa4;SYZa8
5,AB 08 AB 51 AB 26 AB 85 AB 46,11,IOZa2;IOZa3;IOZa7;KOZa1;PKZa11;PKZa12;SYZa1;SYZa2;SYZa3;SYZa4;SYZa8
4,AB 08 AB 51 AB 26 AB 85,11,IOZa2;IOZa3;IOZa7;KOZa1;PKZa11;PKZa12;SYZa1;SYZa2;SYZa3;SYZa4;SYZa8
4,AB 51 AB 26 AB 85 AB 46,11,IOZa2;IOZa3;IOZa7;KOZa1;PKZa11;PKZa12;SYZa1;SYZa2;SYZa3;SYZa4;SYZa8
3,AB 08 AB 51 AB 26,11,IOZa2;IOZa3;IOZa7;KOZa1;PKZa11;PKZa12;SYZa1;SYZa2;SYZa3;SYZa4;SYZa8
3,AB 51 AB 26 AB 85,11,IOZa2;IOZa3;IOZa7;KOZa1;PKZa11;PKZa12;SYZa1;SYZa2;SYZa3;SYZa4;SYZa8
3,AB 26 AB 85 AB 46,11,IOZa2;IOZa3;IOZa7;KOZa1;PKZa11;PKZa12;SYZa1;SYZa2;SYZa3;SYZa4;SYZa8
3,AB 85 AB 46 AB 49,11,IOZa2;IOZa3;IOZa7;IOZa8;KOZa1;PKZa12;SYZa1;SYZa2;SYZa3;SYZa4;SYZa8
2,AB 08 AB 51,11,IOZa2;IOZa3;IOZa7;KOZa1;PKZa11;PKZa12;SYZa1;SYZa2;SYZa3;SYZa4;SYZa8
2,AB 46 AB 49,11,IOZa2;IOZa3;IOZa7;IOZa8;KOZa1;PKZa12;SYZa1;SYZa2;SYZa3;SYZa4;SYZa8
6,AB 08 AB 51 AB 26 AB 85 AB 46 AB 49,10,IOZa2;IOZa3;IOZa7;KOZa1;PKZa12;SYZa1;SYZa2;SYZa3;SYZa4;SYZa8
5,AB 51 AB 26 AB 85 AB 46 AB 49,10,IOZa2;IOZa3;IOZa7;KOZa1;PKZa12;SYZa1;SYZa2;SYZa3;SYZa4;SYZa8
4,AB 26 AB 85 AB 46 AB 49,10,IOZa2;IOZa3;IOZa7;KOZa1;PKZa12;SYZa1;SYZa2;SYZa3;SYZa4;SYZa8
2,AB 30 AB 30,10,IOZa12;IOZa16;IOZa2;IOZa6;IOZa9;PKZa11;PKZa14;PKZa27;PKZa4;PRZa1
2,AB 10 AB 06,10,IOZa16;IOZa2;IOZa9;KOZa1;PKZa11;PKZa12;PKZa20;PKZa27;PKZa8;SYZa2
2,AB 06 AB 36,10,IOZa16;IOZa2;IOZa9;KOZa1;PKZa10;PKZa11;PKZa27;PKZa8;SYZa2;SYZa3
2,AB 30 AB 52,9,IOZa12;IOZa16;IOZa2;IOZa6;IOZa9;PKZa11;PKZa27;PKZa4;SYZa10
2,AB 62 AB 06,9,IOZa16;IOZa2;IOZa9;KOZa1;PKZa11;PKZa27;PKZa8;SYZa2;SYZa3
3,AB 30 AB 30 AB 52,8,IOZa12;IOZa16;IOZa2;IOZa6;IOZa9;PKZa11;PKZa27;PKZa4
3,AB 62 AB 06 AB 36,8,IOZa16;IOZa2;IOZa9;KOZa1;PKZa27;PKZa8;SYZa2;SYZa3
2,AB 49 AB 49,8,IOZa2;IOZa7;PKZa12;PKZa18;SYZa2;SYZa4;SYZa5;SYZa8
2,AB 49 AB 30,8,IOZa12;IOZa16;IOZa2;IOZa6;IOZa9;PKZa14;PKZa27;PKZa8
2,AB 52 AB 12,8,IOZa12;IOZa16;IOZa2;IOZa6;IOZa9;PKZa11;PKZa12;PKZa27
4,AB 30 AB 30 AB 52 AB 12,7,IOZa12;IOZa16;IOZa2;IOZa6;IOZa9;PKZa11;PKZa27
3,AB 49 AB 30 AB 30,7,IOZa12;IOZa16;IOZa2;IOZa6;IOZa9;PKZa14;PKZa27
3,AB 30 AB 52 AB 12,7,IOZa12;IOZa16;IOZa2;IOZa6;IOZa9;PKZa11;PKZa27
3,AB 10 AB 06 AB 62,7,IOZa2;IOZa9;KOZa1;PKZa20;PKZa27;PKZa8;SYZa2
2,AB 06 AB 62,7,IOZa2;IOZa9;KOZa1;PKZa20;PKZa27;PKZa8;SYZa2
5,AB 49 AB 30 AB 30 AB 52 AB 12,6,IOZa12;IOZa16;IOZa2;IOZa6;IOZa9;PKZa27
5,AB 10 AB 06 AB 62 AB 06 AB 36,6,IOZa2;IOZa9;KOZa1;PKZa27;PKZa8;SYZa2
4,AB 49 AB 30 AB 30 AB 52,6,IOZa12;IOZa16;IOZa2;IOZa6;IOZa9;PKZa27
4,AB 10 AB 06 AB 62 AB 06,6,IOZa2;IOZa9;KOZa1;PKZa27;PKZa8;SYZa2
4,AB 06 AB 62 AB 06 AB 36,6,IOZa2;IOZa9;KOZa1;PKZa27;PKZa8;SYZa2
3,AB 06 AB 62 AB 06,6,IOZa2;IOZa9;KOZa1;PKZa27;PKZa8;SYZa2
2,AB 26 AB 34,6,IOZa15;IOZa2;KOZa1;PKZa10;PKZa11;PKZa8
2,AB 36 AB 23,6,IOZa14;IOZa15;IOZa2;KOZa1;PKZa11;SYZa3
2,AB 26 AB 01,6,IOZa11;KOZa1;PKZa17;PKZa18;PKZa9;SYZa1
6,AB 51 AB 26 AB 85 AB 46 AB 49 AB 49,5,IOZa2;IOZa7;SYZa2;SYZa4;SYZa8
6,AB 30 AB 30 AB 52 AB 12 AB 10 AB 06,5,IOZa16;IOZa2;IOZa9;PKZa11;PKZa27
5,AB 26 AB 85 AB 46 AB 49 AB 49,5,IOZa2;IOZa7;SYZa2;SYZa4;SYZa8
5,AB 30 AB 30 AB 52 AB 12 AB 10,5,IOZa16;IOZa2;IOZa9;PKZa11;PKZa27
5,AB 30 AB 52 AB 12 AB 10 AB 06,5,IOZa16;IOZa2;IOZa9;PKZa11;PKZa27
4,AB 85 AB 46 AB 49 AB 49,5,IOZa2;IOZa7;SYZa2;SYZa4;SYZa8
4,AB 30 AB 52 AB 12 AB 10,5,IOZa16;IOZa2;IOZa9;PKZa11;PKZa27
4,AB 52 AB 12 AB 10 AB 06,5,IOZa16;IOZa2;IOZa9;PKZa11;PKZa27
3,AB 46 AB 49 AB 49,5,IOZa2;IOZa7;SYZa2;SYZa4;SYZa8
3,AB 52 AB 12 AB 10,5,IOZa16;IOZa2;IOZa9;PKZa11;PKZa27
3,AB 12 AB 10 AB 06,5,IOZa16;IOZa2;IOZa9;PKZa11;PKZa27
3,AB 26 AB 34 AB 06,5,IOZa15;IOZa2;KOZa1;PKZa10;PKZa11
3,AB 36 AB 23 AB 04,5,IOZa14;IOZa15;IOZa2;KOZa1;SYZa3
2,AB 07 AB 56,5,IOZa2;PKZa11;PKZa12;PKZa15;PKZa8
2,AB 12 AB 10,5,IOZa16;IOZa2;IOZa9;PKZa11;PKZa27
2,AB 34 AB 06,5,IOZa15;IOZa2;KOZa1;PKZa10;PKZa11
2,AB 23 AB 04,5,IOZa14;IOZa15;IOZa2;KOZa1;SYZa3
6,AB 49 AB 30 AB 30 AB 52 AB 12 AB 10,4,IOZa16;IOZa2;IOZa9;PKZa27
3,AB 36 AB 26 AB 34,4,IOZa2;KOZa1;PKZa10;PKZa8
3,AB 07 AB 56 AB 04,4,PKZa11;PKZa12;PKZa15;PKZa8
2,AB 36 AB 26,4,IOZa2;KOZa1;PKZa10;PKZa8
2,AB 51 AB 06,4,ARKH5;IOZa2;IOZa6;PRZa1
2,AB 26 AB 49,4,IOZa5;PKZa14;PKZa8;PRZa1
2,AB 49 AB 03,4,IOZa5;PKZa11;PKZa12;SYZa9
2,AB 56 AB 04,4,PKZa11;PKZa12;PKZa15;PKZa8
2,AB 28 AB 24,4,PKZa15;PKZa16;PKZa28;PKZa8
6,AB 30 AB 52 AB 12 AB 10 AB 06 AB 62,3,IOZa2;IOZa9;PKZa27
6,AB 52 AB 12 AB 10 AB 06 AB 62 AB 06,3,IOZa2;IOZa9;PKZa27
6,AB 12 AB 10 AB 06 AB 62 AB 06 AB 36,3,IOZa2;IOZa9;PKZa27
6,AB 10 AB 06 AB 62 AB 06 AB 36 AB 26,3,IOZa2;KOZa1;PKZa8
6,AB 06 AB 62 AB 06 AB 36 AB 26 AB 34,3,IOZa2;KOZa1;PKZa8
6,AB 26 AB 34 AB 06 AB 65 AB 36 AB 23,3,IOZa15;IOZa2;KOZa1
6,AB 34 AB 06 AB 65 AB 36 AB 23 AB 04,3,IOZa15;IOZa2;KOZa1
5,AB 52 AB 12 AB 10 AB 06 AB 62,3,IOZa2;IOZa9;PKZa27
5,AB 12 AB 10 AB 06 AB 62 AB 06,3,IOZa2;IOZa9;PKZa27
5,AB 06 AB 62 AB 06 AB 36 AB 26,3,IOZa2;KOZa1;PKZa8
5,AB 62 AB 06 AB 36 AB 26 AB 34,3,IOZa2;KOZa1;PKZa8
5,AB 26 AB 34 AB 06 AB 65 AB 36,3,IOZa15;IOZa2;KOZa1
5,AB 34 AB 06 AB 65 AB 36 AB 23,3,IOZa15;IOZa2;KOZa1
5,AB 06 AB 65 AB 36 AB 23 AB 04,3,IOZa15;IOZa2;KOZa1
4,AB 12 AB 10 AB 06 AB 62,3,IOZa2;IOZa9;PKZa27
4,AB 62 AB 06 AB 36 AB 26,3,IOZa2;KOZa1;PKZa8
4,AB 06 AB 36 AB 26 AB 34,3,IOZa2;KOZa1;PKZa8
4,AB 36 AB 26 AB 34 AB 06,3,IOZa2;KOZa1;PKZa10
4,AB 26 AB 34 AB 06 AB 65,3,IOZa15;IOZa2;KOZa1
4,AB 34 AB 06 AB 65 AB 36,3,IOZa15;IOZa2;KOZa1
4,AB 06 AB 65 AB 36 AB 23,3,IOZa15;IOZa2;KOZa1
4,AB 65 AB 36 AB 23 AB 04,3,IOZa15;IOZa2;KOZa1
4,AB 10 AB 32 AB 47 AB 26,3,IOZa11;IOZa2;IOZa6
4,AB 10 AB 06 AB 23 AB 62,3,IOZa16;PKZa11;PKZa12
4,AB 07 AB 56 AB 04 AB 04,3,PKZa11;PKZa15;PKZa8
3,AB 49 AB 07 AB 56,3,IOZa2;PKZa15;PKZa8
3,AB 06 AB 36 AB 26,3,IOZa2;KOZa1;PKZa8
3,AB 34 AB 06 AB 65,3,IOZa15;IOZa2;KOZa1
3,AB 06 AB 65 AB 36,3,IOZa15;IOZa2;KOZa1
3,AB 65 AB 36 AB 23,3,IOZa15;IOZa2;KOZa1
3,AB 10 AB 32 AB 47,3,IOZa11;IOZa2;IOZa6
3,AB 32 AB 47 AB 26,3,IOZa11;IOZa2;IOZa6
3,AB 10 AB 06 AB 23,3,IOZa16;PKZa11;PKZa12
3,AB 06 AB 23 AB 62,3,IOZa16;PKZa11;PKZa12
3,AB 08 AB 30 AB 30,3,PKZa11;PKZa4;PRZa1
3,AB 56 AB 04 AB 04,3,PKZa11;PKZa15;PKZa8
2,AB 49 AB 07,3,IOZa2;PKZa15;PKZa8
2,AB 06 AB 65,3,IOZa15;IOZa2;KOZa1
2,AB 65 AB 36,3,IOZa15;IOZa2;KOZa1
2,AB 10 AB 32,3,IOZa11;IOZa2;IOZa6
2,AB 32 AB 47,3,IOZa11;IOZa2;IOZa6
2,AB 47 AB 26,3,IOZa11;IOZa2;IOZa6
2,AB 49 AB 26,3,IOZa5;SYZa1;SYZa4
2,AB 26 AB 06,3,IOZa11;IOZa6;PKZa11
2,AB 12 AB 26,3,IOZa12;PKZa14;PKZa8
2,AB 06 AB 23,3,IOZa16;PKZa11;PKZa12
2,AB 23 AB 62,3,IOZa16;PKZa11;PKZa12
2,AB 08 AB 30,3,PKZa11;PKZa4;PRZa1
2,AB 04 AB 04,3,PKZa11;PKZa15;PKZa8
2,AB 22f AB 08,3,ARKH1a;ARKH4a;PKZa11
