gorila_id,inscription_id,num_signs,num_words,segmented_text,ground_truth_boundaries,predicted_boundaries,confidence
ANZb1,1656,1,1,𐘃,[],[],0.0000
APZa1,1658,7,1,𐘱𐘳𐘚𐙕𐘉𐘱𐄁,[6],[6],1.0000
APZa2,1659,35,5,𐝫𐘅𐘤𐄁 | 𐘚𐘢𐘅𐙁𐝫𐄁 | 𐝫𐘚𐙂𐘰𐘅𐘹𐘅𐘃𐝫𐝫𐘢𐘻𐘅𐘃𐄁 | 𐘚𐘅𐘱𐘙𐘳𐝫𐄁 | 𐝫𐘌𐄁,"[3, 9, 24, 31, 34]","[3, 9, 24, 31, 34]",1.0000
APZa<3>,1657,3,1,𐝫𐘱𐝫,[],[],0.0000
ARGZg1,1662,4,1,𐘮≈𐙍𐘻,[],[],0.0000
ARKH1a,1663,34,3,𐝫𐘳𐘢𐄁 | 𐘌𐝫𐝫𐘸𐝫𐝫𐄁 | 𐘇𐘴𐝫𐝫𐝫𐘇𐘲𐘻𐙈𐝫𐝫𐘗𐄈𐝆𐘇𐘂𐝫𐝫𐘻𐘸𐘞𐘗𐝫,"[3, 10]","[3, 10]",1.0000
ARKH1b,1664,15,1,𐘇𐝫𐝫𐘱𐘙𐄉𐝫𐝫𐘰𐝫𐝫—𐝫𐘅𐄎,[],[],0.0000
ARKH2,1665,30,1,𐘤𐘀𐘃𐙂𐘴𐙎𐄋𐘇𐘤𐘀𐘄𐘚𐄐𐄈𐙀𐙕𐘈𐘦𐘐𐙈𐄌𐘇𐘲𐘫𐘮𐄊𐘘𐘻𐝫𐝫,[],[],0.0000
ARKH3a,1666,36,1,𐝫𐘾𐘗𐙉𐝫𐝫𐝂𐙋𐄉𐝂𐙎𐄈𐝫𐝫𐄈𐙩𐄈𐝫𐝫𐘸𐘯𐙉𐄐𐄉𐝫𐝫𐘃𐄈𐙩𐄈𐙢𐄈𐝫𐝫𐙂𐄉,[],[],0.0000
ARKH3b,1667,23,1,𐝫𐘱𐘢𐙉𐄌𐝫𐝫𐘢𐙦𐙉𐄇𐝫𐙖𐝫𐝫𐝫𐄈𐙖𐄊𐝫𐙍𐄇𐝫,[],[],0.0000
ARKH4a,1668,30,4,𐝫𐝫𐘝𐘳𐝫𐝫𐘳𐄁 | 𐘙𐄋𐘇𐝫𐄁 | 𐝫𐘶𐄊𐘦𐘲𐝫𐄁 | 𐝫𐘨𐘃𐄋𐘢𐘠𐘗𐘇𐝫𐝫,"[7, 12, 19]","[7, 12, 19]",1.0000
ARKH4b,1669,27,1,𐝫𐝫𐝫𐘙𐄐𐘉𐝫𐝫𐘦𐘻𐄐𐘚𐘨𐝫𐝫𐄏𐘇𐘸𐘁𐄉𐘍𐘤𐙀𐝫𐝫𐄉𐝫,[],[],0.0000
ARKH5,1670,21,1,𐘇𐘬𐘝𐘳𐘅𐄓𐄇𐝫𐝫𐄍𐘇𐘀𐘁𐙉𐄓𐝫𐙎𐄌𐘇𐝫𐝫,[],[],0.0000
ARKH6,1671,11,2,𐘀𐘅𐘹𐄁 | 𐙂𐝫𐝫𐘃𐘭𐝫𐝫,[3],[3],1.0000
ARKH7,1672,5,1,𐝫—𐙜𐝂𐝫,[],[],0.0000
ARKHZc8,1673,3,1,𐙚𐘳𐘧,[],[],0.0000
ARKHZf9,1674,11,2,𐘱𐘸𐘤𐘸𐘯𐄁 | 𐘻𐘀𐙁𐘽𐄁,"[5, 10]","[5, 10]",1.0000
ARMZg1,1675,1,1,𐜈,[],[],0.0000
ARZf1,1660,4,1,𐘚𐘀𐙁𐘃,[],[],0.0000
ARZf2,1661,5,1,𐘚𐘀𐙁𐘃𐝫,[],[],0.0000
CR(?)Zf1,1676,22,5,𐘇𐙁𐘮𐘤𐄁 | 𐘾𐘝𐘱𐘻𐄁 | 𐘚𐘱𐄁 | 𐘌𐘸𐘈𐘯𐘠𐄁 | 𐘇𐘳𐘦,"[4, 9, 12, 18]","[4, 9, 12, 18]",1.0000
CRZf5,1677,1,1,𐘱,[],[],0.0000
CRZg3,1678,6,1,𐙍𐝫≈𐘝≈𐛿,[],[],0.0000
CRZg4,1679,6,1,𐘚𐘀𐘀𐘇𐘁𐘃,[],[],0.0000
DRAZg1,1702,4,1,𐘀𐘬𐙕𐝫,[],[],0.0000
FOZc1,1680,3,1,𐙚𐘳𐘧,[],[],0.0000
GO2r,1681,18,2,𐝫𐘤𐝫𐘾𐝄𐘤𐄈𐘀𐝫 | 𐘤𐘀𐘁𐝃𐝫𐝫𐘈𐝫𐝫,[],[8],0.7500
GO2v,1682,13,1,𐝫𐄇𐝄𐘀𐝫𐘙𐄇𐝫𐘈𐘤𐝫𐝫𐝫,[],[],0.0000
GOWc1a,1683,6,1,𐘇𐘞𐘲𐙁𐘚𐘈,[],[],0.0000
GOWc1b,1684,2,1,𐘖𐄋,[],[],0.0000
GOWc3,1685,4,1,"𐝬𐄑,𐄈",[],[],0.0000
HSZg1,1686,2,1,𐘇𐙁,[],[],0.0000
HT1,1,29,2,𐘿𐘽𐘉𐄁 | 𐘸𐘁𐄙𐄘𐄍𐙀𐘲𐄖𐘆𐘆𐘍𐘥𐄔𐄈𐙂𐘰𐘯𐄙𐄏𐘇𐘴𐘅𐘙𐄙𐄋,[3],[3],1.0000
HT100,128,40,1,𐝫𐛧𐄔𐄎𐜝𐝫𐝫𐛃𐄐𐄈𐘸𐄈𐙙𐄋𐛩𐄐𐄌𐙂𐘁𐄘𐄍𐘞𐘽𐙗𐄋𐝃𐘝𐄈𐝂𐝂𐙍𐄈𐝆𐜋𐄈𐝅𐜗𐄉𐜍𐝕,[],[],0.0000
HT101,129,41,1,𐙀𐘓𐘆𐛱𐄓𐜋𐄎𐜗𐄎𐜓𐄈𐘞𐘽𐙉𐄓𐄇𐙖𐄐𐚸𐄉𐙂𐘰𐝫𐝫𐜋𐄈—𐝫𐄑𐙘𐄉𐜓𐄈𐝫𐝫𐄉𐙋𐄇𐝃𐛺𐄇,[],[],0.0000
HT102,130,35,1,𐘾𐘂𐘞𐘽𐙉𐄡𐄖𐄌𐘰𐘝𐛭𐄒𐄉𐝫𐝫𐙇𐛭𐄒𐄉𐘆𐘭𐘅𐄐𐙁𐙀𐄉𐘣𐄐𐘚𐘾𐄋𐙂𐘁𐄢𐄕,[],[],0.0000
HT103,131,30,2,𐘉𐘷𐄁 | 𐘝𐄓𐘰𐘀𐙂𐘈𐘗𐝫𐝫𐄌𐝆𐙓𐄐𐄉𐘀𐙂𐘅𐄇𐘀𐙂𐘈𐘗𐄇𐘸𐘴𐄋𐝆,[2],[2],1.0000
HT104,132,28,3,𐘳𐘂𐄁 | 𐚷𐄁 | 𐘀𐙂𐘈𐘗𐘠𐄓𐄋𐝆𐘚𐘬𐘠𐄑𐝆𐘂𐘀𐘲𐘠𐄑𐄏𐙂𐘁𐄘𐄋,"[2, 4]","[2, 4]",1.0000
HT105,133,16,2,𐘾𐘂𐝫𐝫𐝫𐙇𐄚𐄒𐄊𐘞𐘽𐄁 | 𐙇𐄚𐄒𐄋,[11],[11],1.0000
HT106,134,22,2,𐘻𐘯𐘃𐙗𐄌𐝫𐘤𐄋𐝆𐘤𐄇—𐘀𐝫𐄁 | 𐄎𐝫𐝫𐘤𐄉𐝫𐝫,[14],[14],1.0000
HT107,135,10,2,𐝫𐝫𐄉𐝫 | 𐝫𐘃𐄗𐄌𐙸𐄍,[],[3],0.7500
HT108,136,26,2,𐘸𐘙𐘳𐘅𐙇𐄇𐛶𐄖—𐘆𐘅𐘁𐄈𐘬𐘲𐘝𐄋𐝫𐄁 | 𐝫𐘽𐘠𐄐𐘶𐝫𐝫,[18],[18],1.0000
HT109,137,20,2,𐝫𐝫𐘙𐄊𐝫 | 𐝫𐝫𐘳𐄊𐙂𐘁𐄙𐄑𐄏𐘇𐘴𐘶𐄙𐄑𐄉,[],[4],0.7500
HT10a,14,38,4,𐙂𐘝𐘲𐄁 | 𐘞𐙁𐄊𐄁 | 𐘂𐄁 | 𐘀𐘙𐄐𐄌𐝆𐘉𐙱𐘍𐄊𐙕𐄌𐘉𐙱𐘍𐄐𐄊𐝫𐙙𐘘𐄈𐝆𐘀𐘭𐘀𐄎𐘋𐘍𐄉,"[3, 7, 9]","[3, 7, 9]",1.0000
HT10b,15,24,1,𐘉𐘠𐄇𐘀𐘙𐄈𐘳𐘭𐘅𐄐𐄋𐙢𐘳𐄌𐝆𐘾𐘞𐘘𐄌𐘳𐘅𐘠𐄏𐝃,[],[],0.0000
HT110a,138,21,1,𐘤𐘬𐘟𐙂𐘻𐜚𐄑𐙂𐘂𐄇𐙂𐘁𐄙𐝫𐝫𐘝𐄐𐄋𐝫𐝫𐄕,[],[],0.0000
HT110b,139,25,2,𐙉𐝫𐝫𐘁𐄑𐜧𐄉𐝫𐝫𐄇𐙁𐄋𐝆𐝫𐄈𐘝𐄇𐝆𐝫 | 𐝫𐄇𐙁𐄈𐙕𐝕,[],[18],0.7500
HT111a,140,21,1,𐝫𐝫𐝫𐘿𐘾𐄎𐘌𐘞𐝫𐝫𐘌𐘘𐄎𐘆𐄐𐄊𐝫𐝫𐘝𐝫𐝫,[],[],0.0000
HT111b,141,19,1,𐝫𐝫𐄐𐄎𐘞𐘆𐄊𐝫𐝫𐄉𐘿𐝫𐘅𐝫𐝫𐘝𐄇𐝫𐝫,[],[],0.0000
HT112a,142,8,1,𐘐𐝫𐝫𐘹𐘂𐝫𐝫𐝫,[],[],0.0000
HT112b,143,7,1,𐝫𐙗𐄌𐝫𐝫𐝫𐝫,[],[],0.0000
HT113,144,16,2,𐘴𐘭𐘦𐝫𐝫𐘣𐘞𐄁 | 𐝫𐄐𐄐𐄐𐘵𐄈𐝆𐝫,[7],[7],1.0000
HT113ter,145,7,1,𐝫𐘻𐝫𐝫𐄊𐝫𐝫,[],[],0.0000
HT114a,146,15,1,𐘸𐘭𐘷𐘞𐘽𐙉𐄐𐙖𐄍𐘝𐄇𐙍𐄇𐘖𐄉,[],[],0.0000
HT114b,147,3,1,𐘞𐙍𐄏,[],[],0.0000
HT115a,148,51,3,𐘨𐘯𐘴𐘱𐄁 | 𐘚𐄁 | 𐛯𐘭𐘳𐙁𐘯𐘣𐄈𐙕𐘉𐘴𐘅𐘐𐘗𐘻𐘅𐄇𐘈𐙂𐘹𐝆𐘂𐘴𐘗𐄇𐘇𐘈𐘱𐝂𐝂𐝂𐝂𐘾𐘊𐘘𐄇𐘭𐘲𐙁𐝫𐘲𐄈𐝂𐝫𐝫,"[4, 6]","[4, 6]",1.0000
HT115b,149,39,5,𐝫𐘘𐄁 | 𐘂𐘴𐘗𐝆𐘠𐘯𐘱𐄁 | 𐘯𐘣𐄁 | 𐙉𐝆𐘬𐘰𐘅𐄇𐙂𐘘𐙁𐄁 | 𐘚𐝆𐙚𐘹𐘱𐄇𐘇𐘚𐝫𐄇𐜞𐄇𐙂𐘳𐝫,"[2, 10, 13, 23]","[2, 10, 13, 23]",1.0000
HT116a,150,57,5,𐘉𐘳𐘁𐄁 | 𐘃𐄁 | 𐙂𐘂𐘱𐙉𐄐𐄌𐘫𐘽𐄁 | 𐙉𐄓𐜉𐄋𐛉𐙉𐄐𐄌𐜓𐄇𐜗𐄌𐙋𐄉𐘢 | 𐘟𐘃𐙉𐄋𐙖𐝫𐄋𐜗𐄇𐛺𐄈𐘤𐘸𐘗𐙉𐄐𐄈𐙘𐄐𐄈𐘌𐘯𐙁𐙉𐄑𐙘𐄉,"[3, 5, 14]","[3, 5, 14, 29]",0.9375
HT116b,151,11,1,𐙂𐘁𐙉𐄙𐝫𐙘𐄐𐄋𐙖𐄐𐄍,[],[],0.0000
HT117a,152,82,5,𐙁𐘾𐘭𐘃𐄁 | 𐘸𐘁𐄁 | 𐘉𐘻𐘅𐘤𐄁 | 𐘉𐘲𐄇𐘻𐘹𐄇𐙂𐘴𐘕𐄇𐙁𐘘𐄇𐙂𐘰𐘯𐄇𐘹𐘶𐙁𐄇𐘉𐘆𐘻𐄇𐘻𐘘𐘳𐘴𐘙𐄇𐘃𐘱𐘙𐄇𐘅𐘀𐘙𐄇𐙂𐘁𐄐—𐘞𐘳𐄁 | 𐙂𐙂𐘀𐘴𐄇𐘺𐘞𐘚𐘠𐄇𐘀𐘻𐘯𐄇𐘀𐘗𐙂𐘠𐄇𐘸𐘀𐘁𐄇,"[4, 7, 12, 58]","[4, 7, 12, 58]",1.0000
HT117b,153,12,2,𐘐𐘹𐘗𐄁 | 𐙂𐘙𐘶𐄇𐘆𐘸𐘈𐄇,[3],[3],1.0000
HT118,154,33,3,𐙄𐄁 | 𐛀𐄁 | 𐙁𐘆𐄐𐄋𐘸𐄐𐘌𐘌𐘘𐄌𐘸𐄊𐘇𐘭𐘲𐄊𐘸𐄇𐘭𐘘𐙁𐄐𐙂𐘁𐄒𐘸𐄐𐄋𐝫,"[1, 3]","[1, 3]",1.0000
HT119,155,34,1,𐙳𐄒𐄊𐙇𐄕𐄍𐘭𐘻𐘤𐄐𐄉𐘺𐘱𐄐𐙂𐘰𐘅𐘹𐄍𐘠𐄍𐘱𐚅𐄐𐙚𐘹𐄈𐙳𐘶𐄎𐙂𐘁𐄙𐄕,[],[],0.0000
HT11a,16,27,2,𐘇𐘘𐘴𐝫𐄁 | 𐝫𐄉𐘾𐘁𐘅𐄈𐙮𐘭𐄇𐙂𐘁𐄐𐘇𐘲𐘱𐄇𐙇𐘚𐄉𐘷𐄐𐄋,[4],[4],1.0000
HT11b,17,27,2,𐝫𐘦𐘯𐘘𐘽𐙅𐘾𐄓𐘾𐄒𐘾𐄔𐘘𐙀𐘅𐘾𐄒𐘞𐘿𐘭𐄁 | 𐘾𐄒𐙂𐘁𐄙𐄗,[20],[20],1.0000
HT12,18,30,4,𐘌𐘠𐘀𐘃𐄁 | 𐜉𐄋𐙘𐄋𐘿𐘹𐘗𐄁 | 𐚻𐄇𐘡𐄒𐛢𐄁 | 𐙈𐄋𐜚𐄉𐘝𐄇𐚼𐝇𐘀𐘚𐄔,"[4, 12, 18]","[4, 12, 18]",1.0000
HT120,156,35,3,𐘀𐘿𐘴𐄁 | 𐘀𐘋𐛷𐄖𐄊𐛭𐄕𐄈𐝆𐝀𐘀𐘉𐘪𐄁 | 𐘚𐛭𐄑𐘸𐘙𐘳𐘅𐛳𐄕𐛭𐄓𐄎𐘂𐘚𐘄𐄉𐝂,"[3, 17]","[3, 17]",1.0000
HT121,157,17,1,𐘸𐘭𐘷𐜘𐄐𐘞𐘽𐙉𐄋𐙖𐄊𐘝𐄈𐙍𐄉𐘖𐄉,[],[],0.0000
HT122a,158,73,3,𐝫𐘴𐘭𐄁 | 𐘉𐘦𐘍𐄈𐝫𐝫𐄈𐘀𐘤𐙈𐄈𐘂𐝫𐄁 | 𐝫𐘆𐄇𐘃𐘸𐄈𐘌𐙠𐘚𐄉𐘱𐘻𐘀𐘙𐄇𐘤𐘀𐘙𐄇𐙰𐘆𐘴𐄇𐘂𐘦𐄇𐙂𐘰𐘯𐄇𐘂𐘳𐘗𐄇𐙚𐘹𐄇𐝫𐘬𐄇𐙂𐘰𐘯𐄇𐘀𐘭𐘀𐄇𐙂𐘁𐄒𐄇𐙂𐘀𐄇,"[3, 17]","[3, 17]",1.0000
HT122b,159,40,3,𐘧𐘆𐄁 | 𐚆𐄁 | 𐙇𐝫𐝫𐙚𐘸𐘷𐄍𐝫𐝫𐘇𐘴𐘶𐘉𐘦𐘍𐄈𐘌𐘌𐘘𐄈𐘆𐄈𐘀𐘙𐄈𐙂𐘁𐄕𐄋𐘊𐘄𐙂𐘁𐄘𐄍,"[2, 4]","[2, 4]",1.0000
HT123+124a,160,68,3,𐘸𐘳𐘚𐄁 | 𐙋𐄒𐄇𐙜𐄎𐝃𐘸𐘁𐄇𐝎𐘫𐙍𐙋𐄒𐄇𐝆𐙜𐄎𐝕𐘸𐘁𐝎𐘞𐘘𐙋𐄐𐄌𐙜𐄊𐝀𐝫𐝫𐘸𐘁𐝕𐘀𐘹𐙋𐄐𐄋𐙜𐄊𐝃𐘸𐘁𐝕𐙂𐘁𐙋𐄘𐄉𐝆𐙜𐄁 | 𐙂𐘁𐝫𐄑𐄋𐝅𐘸𐘁𐄌𐝫,"[3, 57]","[3, 57]",1.0000
HT123+124b,161,46,3,𐙓𐙜𐄐𐄇𐙢𐄇𐝕𐘠𐘀𐘳𐄁 | 𐘢𐘞𐄊𐙓𐄇𐙓𐘬𐄁 | 𐄐𐘹𐘂𐘆𐘀𐝆𐝉𐘾𐘅𐝫𐝫𐘤𐘬𐝀𐘬𐙁𐘚𐘅𐝃𐝄𐙂𐘁𐄑𐘸𐘁𐄋𐝫,"[10, 18]","[10, 18]",1.0000
HT125a,162,23,1,𐝫𐝫𐘽𐝫𐝫𐜓𐄇𐝂𐜋𐝫𐝫𐜗𐄇𐝆𐝫𐝫𐘞𐘽𐙉𐄈𐙖𐝫𐄇,[],[],0.0000
HT125b,163,17,1,𐝫𐝫𐝫𐄑𐝫𐘙𐘷𐛭𐄑𐛵𐄍𐝆𐙘𐄐𐘝𐄑𐄉,[],[],0.0000
HT126a,164,35,4,𐘀𐘅𐘤𐄁 | 𐙪𐄁 | 𐘇𐘅𐝫𐄁 | 𐝫𐄇𐘉𐝫𐝫𐝆𐘤𐘆𐘱𐄇𐝫𐝫𐘉𐘪𐄇𐘢𐝫𐝫𐄕𐄈𐝫𐝫𐄈𐝫𐝫,"[3, 5, 9]","[3, 5, 9]",1.0000
HT126b,165,18,2,𐝫𐙙𐄉𐝫𐄌𐙆𐄊𐄁 | 𐘐𐝫𐝫𐝫𐙆𐝫𐝫𐘹𐄌𐝫,[7],[7],1.0000
HT127a,166,13,2,𐝫𐝫𐘬𐘗𐘻𐄇𐝫𐝫𐜝 | 𐘀𐘨𐙂𐄇,[],[8],0.7500
HT127b,167,33,1,𐝫𐝫𐝫𐘗𐄐𐄉𐝫𐙂𐘁𐙛𐄙𐄔𐄌𐙂𐄖𐄈𐛫𐄑𐄊𐛖𐄐𐄋𐙕𐄐𐄇𐛖𐄐𐄊𐙂𐘁𐄚𐄘𐄈,[],[],0.0000
HT128a,168,36,2,𐙲𐄁 | 𐘂𐘴𐘹𐘘𐘯𐘈𐘋𐙉𐝫𐄐𐘮𐘹𐙁𐘙𐛲𐄐𐄈𐝫𐝫𐘻𐘳𐛭𐝆𐝫𐛲𐄌𐘆𐝫𐛲𐄊𐙁𐘭𐝫𐝫,[1],[1],1.0000
HT128b,169,13,2,𐛲𐄌𐙇𐙵𐛲𐄇𐘘𐝫𐄁 | 𐝫𐛲𐄌𐝫,[8],[8],1.0000
HT129,170,30,1,𐘸𐘙𐘷𐙉𐄒𐄉𐝆𐝁𐙘𐄐𐘝𐄑𐄈𐘹𐘐𐘭𐘅𐙉𐄓𐝆𐜉𐄇𐝫𐝫𐜓𐄌𐝫𐙖𐝫𐝫,[],[],0.0000
HT13,19,43,3,𐘾𐘉𐘦𐘳𐙍𐄁 | 𐘃𐄁 | 𐘙𐘍𐄋𐝫𐝆𐝫𐘃𐘹𐄔𐄌𐘃𐘸𐄑𐄍𐝆𐙂𐙀𐘝𐄐𐄎𐘀𐘤𐙈𐄐𐄏𐘚𐘬𐘗𐘤𐄋𐙂𐘁𐄙𐄒𐝆,"[5, 7]","[5, 7]",1.0000
HT130,171,24,1,𐝫𐝫𐘤𐄉𐘞𐘽𐙗𐝫𐝫𐝫𐘽𐝫𐝫𐙂𐘁𐝫—𐘤𐙗𐄎𐘝𐄌𐙍𐄉,[],[],0.0000
HT131a,172,27,1,𐝫𐝫𐘝𐄕𐄈𐙂𐝫𐝫𐄛𐄔𐄉𐘚𐘌𐙈𐙉𐄔𐄎𐝫𐝫𐙖𐄐𐄈𐝆𐙘𐄐𐄈𐝕,[],[],0.0000
HT131b,173,21,1,𐝫𐝫𐘝𐄒𐝫𐝫𐙋𐄈𐛼𐝫—𐘊𐘄𐙂𐘁𐝫𐄜𐄔𐄈𐝆𐝫,[],[],0.0000
HT132,174,19,4,𐘇𐘈𐄁 | 𐙫𐄋𐘌𐘙𐘄𐄁 | 𐘓𐄑𐄍𐘰𐄁 | 𐙙𐄇𐝫𐝫𐝫,"[2, 8, 13]","[2, 8, 13]",1.0000
HT133,175,7,2,𐘇𐘬𐄁 | 𐘃𐛬𐄔𐄋,[2],[2],1.0000
HT135a,176,23,2,𐝫𐝫𐘗𐘻𐘅𐄐𐝫𐝫𐘻𐘹𐄁 | 𐘻𐘾𐝫𐝫𐄇𐘅𐘐𐘗𐝫𐝫𐘻𐄈,[10],[10],1.0000
HT135b,177,7,2,𐝫𐄁 | 𐝫𐘳𐘗𐝫𐄈,[1],[1],1.0000
HT136a,178,9,1,𐝫𐘓𐄒𐝫𐝫𐄑𐄉𐝫𐝫,[],[],0.0000
HT136b,179,6,1,𐝫𐝫𐄑𐄊𐝫𐝫,[],[],0.0000
HT137,180,14,1,𐝫𐝫𐘷𐙉𐝫𐄉𐝫𐜗𐄌𐝫𐝫𐙖𐄈𐝫,[],[],0.0000
HT139,181,16,2,𐝫𐘫 | 𐙁𐙂𐝫𐝫𐙉𐝫𐄇𐙖𐝆𐝫𐘾𐘽𐝫𐝫,[],[1],0.7500
HT14,20,32,3,𐘫𐙍𐄁 | 𐘃𐄁 | 𐙉𐄒𐜗𐄉𐜉𐄉𐙘𐄏𐙋𐄐𐄉𐘇𐘜𐘅𐘬𐙉𐄓𐄋𐜗𐄋𐜉𐄊𐙘𐄌𐙋𐄐𐄊,"[2, 4]","[2, 4]",1.0000
HT140,182,55,6,𐘉𐘟𐘤𐄁 | 𐙅𐘤𐘝𐄁 | 𐄇𐝫𐘧𐘆𐄁 | 𐜓𐄇𐝆𐄁 | 𐘉𐘟𐘤𐝫𐄁 | 𐙅𐘤𐙈𐘾𐄉𐘾𐝫𐝫𐙁𐝫𐝫𐘾𐝫𐝫𐄊𐜋𐄉𐘾𐄇𐜋𐄇𐝫𐘾𐄇𐜋𐄈𐘾𐘂𐝆𐝫𐜋𐄌𐝆,"[3, 7, 12, 16, 21]","[3, 7, 12, 16, 21]",1.0000
HT141,183,11,1,𐝫𐝫𐄇𐘇𐘭𐝫𐝫𐘘𐘆𐝫𐝫,[],[],0.0000
HT142,184,5,1,𐝫𐝫𐝫𐝫𐝫,[],[],0.0000
HT144,185,5,2,𐄁 | 𐘵𐝫𐝫𐝫,[0],[0],1.0000
HT146,186,15,1,𐝫𐝫𐘿𐝫𐝫𐄒𐘭𐙙𐄒𐙁𐄒𐘭𐘾𐘳𐄒,[],[],0.0000
HT147,187,10,1,𐝫𐝫𐘴𐝅𐝫𐝆𐝫𐘝𐝫𐝫,[],[],0.0000
HT15,21,19,2,𐘉𐘟𐘤𐙉𐘬𐙌𐘇𐄞𐄗𐄊𐛹𐄝𐄖𐙓𐄁 | 𐘸𐘁𐄜𐝫,[14],[14],1.0000
HT154.,188,15,2,𐛀𐄁 | 𐘠𐝫𐝫𐄙𐝫𐄍𐝫𐝫𐄓𐝫𐘸𐝫𐝫,[1],[1],1.0000
HT154a,189,20,1,𐝫𐘹𐘋𐘂𐘱𐝫𐝫𐙋𐝫𐝫𐙉𐝫𐝫𐝫𐙂𐄌𐝫𐝫𐘳𐄌,[],[],0.0000
HT154b,190,2,2,𐄁 | 𐙉,[0],[0],1.0000
HT154c,191,8,2,𐝫 | 𐝫𐘅𐝫𐝫𐄈𐝆𐝫,[],[0],0.7500
HT154e,192,9,1,𐝫𐝫𐘝𐄐𐄊𐝫𐝫𐄉𐝃,[],[],0.0000
HT154g,193,5,1,𐝫𐝫𐄌𐝆𐝫,[],[],0.0000
HT154ja,194,7,2,𐝫𐝫 | 𐝫𐘯𐘃𐝫𐝫,[],[1],0.7500
HT154jb,195,3,1,𐝫𐝫𐝫,[],[],0.0000
HT154k,196,5,1,𐝫𐝫𐝫𐄈𐝫,[],[],0.0000
HT154l,197,4,1,𐝫𐝫𐄈𐝫,[],[],0.0000
HT154m,198,2,1,𐝫𐝫,[],[],0.0000
HT154n,199,10,1,𐝫𐝫𐘤𐝫𐝫𐄌𐘤𐝫𐝫𐝫,[],[],0.0000
HT16,22,18,3,𐘾𐙂𐘂𐄁 | 𐘆𐘅𐘉𐝄𐄁 | 𐘮𐝁𐜇𐝃𐝄𐘞𐘊𐘼𐝇,"[3, 8]","[3, 8]",1.0000
HT17,23,16,3,𐘴󽇫𐘠𐄁 | 𐘃𐄁 | 𐙍𐄒𐄍𐘞𐘁𐄐𐘤𐘀𐘙𐄋,"[3, 5]","[3, 5]",1.0000
HT18,24,14,1,𐘂𐘈𐛱𐄑𐜓𐄈𐙘𐄉𐘞𐘽𐙉𐄐𐘝𐄐,[],[],0.0000
HT19,25,18,3,𐘴𐙐𐘠𐄁 | 𐘃𐄁 | 𐙍𐄒𐘞𐘁𐄋𐝆𐘬𐘋𐘆𐄓𐄉𐝆,"[3, 5]","[3, 5]",1.0000
HT2,2,28,2,𐘇𐘾𐘘𐄁 | 𐜋𐄑𐝫𐝫𐜊𐄐𐄍𐜎𐄉𐝫𐝫𐘸𐘙𐘳𐘅𐜋𐄔𐄊𐝫𐝫𐜊𐄓𐄍𐄇,[3],[3],1.0000
HT20,26,24,3,𐘂𐘁𐘲𐄁 | 𐙂𐙁𐘶𐝃𐘿𐙂𐘙𐄁 | 𐘆𐝆𐘑𐝄𐘞𐘙𐘶𐝄𐘮𐝃𐜇𐝆,"[3, 11]","[3, 11]",1.0000
HT21,27,23,3,𐘢𐘳𐘾𐘈𐄁 | 𐘃𐄁 | 𐙉𐄙𐄕𐄇𐜋𐄐𐄇𐜎𐄉𐝕𐙘𐄍𐝕𐙋𐄇𐝃,"[4, 6]","[4, 6]",1.0000
HT22,28,9,1,𐝫𐛸𐄚𐄒—𐜣𐄙𐄐𐄉,[],[],0.0000
HT23a,29,38,2,𐘾𐘅𐄁 | 𐙗𐝁𐙜𐝅𐜍𐝅𐜖𐝅𐜏𐝅𐛚𐝅𐙍𐄐𐚹𐄐𐚺𐄐𐘡𐄐𐄍𐘐𐘭𐘹𐘌𐝇𐘞𐘞𐘋𐝇𐛊𐄐𐘺𐘘𐄇,[2],[2],1.0000
HT23b,30,20,1,𐘝𐘴𐙗𐝁𐙖𐝫𐝁𐛚𐝫𐘕𐝫𐚻𐝫𐚹𐄇𐝫𐘡𐄍𐝫𐝫,[],[],0.0000
HT24a,31,34,1,𐙂𐘰𐘭𐘱𐘸𐙁𐘘𐝫𐝫𐄌𐙁𐘘𐘋𐄐𐝫𐄏𐝆𐙁𐘘𐘋𐄌𐘂𐘞𐘭𐘱𐙁𐘘𐘋𐝫𐘘𐘚𐘺𐛢𐝫,[],[],0.0000
HT24b,32,11,1,𐝫𐙈𐄇𐝕𐛋𐙈𐄇𐝕𐛒𐙈𐄇,[],[],0.0000
HT25a,33,44,1,𐝫𐝫𐄇𐘆𐘅𐘉𐝫𐝫𐘘𐘝𐄇𐘉𐘙𐘣𐄇𐘆𐘅𐘉𐄇𐘇𐘭𐘝𐘳𐄇𐘹𐘿𐘯𐝫𐝫𐙀𐘶𐘜𐄇𐘬𐘘𐘣𐝫𐝫𐘚𐘸𐘴𐄇𐘂𐄇,[],[],0.0000
HT25b,34,22,2,𐝫𐝫𐙂𐘁𐄐𐄌𐘣𐘃𐘁𐄁 | 𐘚𐘠𐙇𐄑𐄎𐙇𐄑𐄊𐙂𐘁𐄔𐄈,[9],[9],1.0000
HT26a,35,22,3,𐜮𐄁 | 𐙢𐘃𐘃𐄁 | 𐘳𐘠𐄑𐄇𐘻𐘸𐘈𐘅𐄐𐄋𐘉𐘯𐘐𐄋𐝫𐝫,"[1, 5]","[1, 5]",1.0000
HT26b,36,26,3,𐄁 | 𐜮𐄁 | 𐙇𐄏𐝫𐘁𐘝𐄉𐘾𐘉𐙀𐘝𐄊𐛖𐄐𐄈𐘚𐙜𐄈𐝫𐙓𐙅𐄍𐝫𐝫,"[0, 2]","[0, 2]",1.0000
HT27a,37,58,4,𐘠𐘝𐘳𐄁 | 𐙛𐄁 | 𐙇𐄘𐝫𐄔𐙅𐄔𐄇𐘙𐄑𐝫𐘚𐘻𐘞𐘴𐄓𐄉𐝫𐘿𐄑𐄇𐘸𐘀𐝫𐝫𐘸𐙠𐄁 | 𐙂𐙙𐝫𐝫𐘞𐘴𐘆𐄋𐙇𐄓𐄈𐙂𐘁𐄛𐄒𐄋𐙗𐄏𐝕𐝁𐘝𐄐𐝁𐙍𐄍,"[3, 5, 32]","[3, 5, 32]",1.0000
HT27b,38,43,11,𐝫𐘻𐘀𐄁 | 𐛾𐄁 | 𐘞𐄍𐝫𐙍𐄁 | 𐙉𐄁 | 𐘞𐄇𐘙𐄐𐄊𐙍𐄁 | 𐘤𐄁 | 𐝫𐘂𐘈𐄁 | 𐛽𐄁 | 𐘞𐄊𐘙𐄖𐙍𐝫𐄁 | 𐝫𐙉𐄁 | 𐘞𐄊𐘙𐝫𐄓,"[3, 5, 10, 12, 19, 21, 25, 27, 34, 37]","[3, 5, 10, 12, 19, 21, 25, 27, 34, 37]",1.0000
HT28a,39,44,3,𐘇𐘤𐘱𐘾𐄁 | 𐘱𐘐𐄁 | 𐛱𐄋𐜋𐄈𐜓𐝆𐜗𐄇𐜖𐝉𐘞𐘽𐜉𐄇𐘝𐄈𐙍𐄉𐛧𐙍𐄌𐘇𐘘𐘀𐘴𐙉𐄋𐙘𐄈𐜉𐄉𐘚𐘳𐘱𐜉𐄐,"[4, 7]","[4, 7]",1.0000
HT28b,40,36,3,𐘇𐘤𐘱𐘾𐄁 | 𐘉𐘻𐘅𐘤𐄁 | 𐘞𐘽𐙉𐄑𐜉𐄋𐘝𐄈𐙍𐄊𐘫𐘽𐘝𐄌𐘱𐘐𐙍𐄌𐘣𐘆𐘅𐜉𐄉𐙍𐄉𐝃,"[4, 9]","[4, 9]",1.0000
HT29,41,36,4,𐘘𐙁𐘳𐄈𐝫𐄁 | 𐄇𐘂𐘱𐘙𐄈𐝫𐝫𐘆𐘱𐘚𐄈𐘞𐙯𐘻𐄇𐄁 | 𐝫 | 𐘸𐘳𐄈𐘇𐘙𐘀𐘚𐄈𐘾𐘬𐙁𐘗𐄇,"[5, 21]","[5, 21, 22]",0.9167
HT3,3,46,3,𐝫 | 𐝫𐙁𐝫𐝫𐘆𐘅𐝫𐄈𐘿𐘽𐘱𐝫𐝫𐄈𐘆𐄈𐝫𐝫𐄊𐘕𐘘𐄇𐘘𐝫 | 𐝫𐘤𐘹𐘽𐘙𐄋𐘆𐝫𐝫𐙂𐘰𐘯𐄉𐝫𐝫𐙁𐘆𐄈𐝫𐘀𐝫,[],"[0, 24]",0.7500
HT30,42,43,2,𐘤𐄊𐘞𐘽𐙗𐝫𐝫𐄐𐄊𐝆𐘝𐄍𐝂𐙍𐄎𐝆𐜐𐝓𐚻𐝂𐘞𐘴𐘴𐝆𐘖𐄇𐘸𐘁𐄁 | 𐙗𐄎𐘝𐝓𐙍𐝆𐘖𐄇𐝫𐝫𐝂𐜐𐝂𐝫,[28],[28],1.0000
HT31,43,50,4,𐄁 | 𐝫𐘠𐘞𐄁 | 𐘫𐘺𐄁 | 𐚪𐝫𐝫𐄋𐚢𐘌𐘰𐄐𐚯𐘲𐘫𐄐𐝫𐚰𐘾𐘁𐘰𐄐𐘞𐘱𐙁𐄒𐝫𐝫𐄐𐘸𐘦𐙁𐙯𐘅𐚢𐄜𐚢𐘲𐘰𐘴𐄛𐚢𐘂𐘳𐘿𐄤,"[0, 4, 7]","[0, 4, 7]",1.0000
HT32,44,33,3,𐙛𐘞𐘽𐄁 | 𐙜𐝆𐜍𐝆𐝇𐚻𐄇𐝇𐚹𐄇𐛚𐄇𐘲𐘙𐄁 | 𐄙𐄎𐘆𐄕𐄋𐜍𐝫𐝫𐘙𐄙𐄊𐘆𐄔𐄉,"[3, 18]","[3, 18]",1.0000
HT33,45,24,2,𐘞𐘽𐄁 | 𐜫𐚺𐄇𐝃𐚹𐝉𐝋𐝫𐝫𐄉𐛆𐝃𐝉𐛜𐝂𐙙𐄘𐜦𐄙𐛐𐄙,[2],[2],1.0000
HT34,46,45,5,𐘀𐘶𐘃𐄁 | 𐘤𐛀𐄁 | 𐘞𐘽𐄁 | 𐛜𐝫𐝫𐝫𐝁𐘡𐄁 | 𐙉𐄚𐝫𐝫𐛅𐄈𐝅𐝇𐚻𐝀𐚹𐝃𐛛𐄚𐄓𐄋𐛂𐄙𐘰𐄖𐘸𐘁𐄒𐄍𐛆𐝇𐘫𐝄,"[3, 6, 9, 16]","[3, 6, 9, 16]",1.0000
HT35,47,25,3,𐘠𐘠𐙂𐄁 | 𐙲𐄁 | 𐘚𐙂𐘳𐙗𐄇𐛚𐝁𐜏𐝁𐙜𐝁𐜐𐝫𐘡𐄋𐚻𐝇𐙍𐝂,"[3, 5]","[3, 5]",1.0000
HT36,48,15,1,𐘧𐘆𐜠𐛱𐄑𐄓𐄊𐝆𐘬𐙀𐘮𐄍𐝆𐝫𐄌,[],[],0.0000
HT37,49,35,6,𐛛𐄁 | 𐘾𐘸𐄁 | 𐄁 | 𐘲𐝫𐝫𐘙𐘲𐝫𐝫𐝫𐄌𐝫𐘸𐙠𐘙𐄇𐘸𐘁𐄁 | 𐘾𐘸𐄐𐄇𐘇𐄐𐄋𐄁 | 𐝫𐘿𐄐𐄍,"[1, 4, 5, 22, 30]","[1, 4, 5, 22, 30]",1.0000
HT38,50,18,1,𐝫𐝫𐘀𐘁𐘂𐚣𐄇𐙄𐄇𐘒𐄉𐛞𐙈𐄉𐛎𐄈𐛏𐄇,[],[],0.0000
HT39,51,32,1,𐘳𐘚𐙌𐄐𐝫𐝫𐙂𐘙𐘶𐄎𐙂𐝫𐝫𐘞𐙁𐘠𐄐𐙂𐘙𐝫𐝫𐙂𐘁𐜯𐄙𐝫𐛤𐄈𐝫𐛍𐝫𐝫,[],[],0.0000
HT4,4,22,1,𐝫𐝫𐙚𐘠𐘾𐘇𐘙𐝫𐝫𐘬𐘭𐘃𐄈𐘂𐘙𐝫𐝫𐘳𐘢𐘤𐘆𐄇,[],[],0.0000
HT40,52,24,4,𐘯𐘬𐙷𐄁 | 𐘃𐄁 | 𐙉𐄚𐄍𐘸𐘀𐘳𐄁 | 𐙉𐝫𐄙𐄒𐄊𐙂𐘁𐝫𐙂𐝫𐝫,"[3, 5, 12]","[3, 5, 12]",1.0000
HT41a,53,23,4,𐝫𐝫𐝫𐘿𐘹𐄐𐙙𐄁 | 𐙘𐄐𐘙𐄁 | 𐙘𐄐𐘻𐘀𐘝𐄁 | 𐘂𐘱𐄈𐝂𐝂,"[7, 11, 17]","[7, 11, 17]",1.0000
HT41b,54,3,1,𐝫𐝫—,[],[],0.0000
HT42+59,55,40,4,𐝫𐘳𐄁 | 𐛉𐄁 | 𐘃𐄁 | 𐜓𐄎𐜋𐝫𐄍𐘞𐘁𐜓𐄎𐜋𐄈𐝫𐝫𐄈𐙂𐝫𐝫𐙖𐝫𐝫𐜗𐄈𐘲𐘬𐝫𐝫𐘙𐘹𐜓𐝫𐝕𐜋𐝫,"[2, 4, 6]","[2, 4, 6]",1.0000
HT43,56,13,4,𐙁𐘤𐘬𐄁 | 𐘂𐚂𐘚𐄁 | 𐘚𐄁 | 𐛭𐄋𐝫,"[3, 7, 9]","[3, 7, 9]",1.0000
HT44a,57,22,2,𐘚𐘌𐙈𐄁 | 𐙉𐝫𐜒𐄉𐜋𐄋𐝫𐜑𐄋𐙋𐄇𐝫𐝫𐘝𐄇𐙍𐝫𐝫,[3],[3],1.0000
HT44b,58,20,2,𐝫𐘱𐄁 | 𐘃𐛵𐝫𐝫𐄋𐘝𐝫𐝫𐙍𐄖𐄋𐝫𐄐𐄎𐝫𐄐𐝫,[2],[2],1.0000
HT45a,59,16,3,𐝫𐝫𐝉𐘂𐝫𐝫𐙅𐄁 | 𐙙𐄈𐝫𐝫𐙪𐄁 | 𐙙𐄈,"[7, 13]","[7, 13]",1.0000
HT45b,60,30,4,𐝫—𐝫𐄎𐝂𐝂𐚺𐝉𐝫𐙂𐝃—𐙪𐄁 | 𐙙𐄍𐚺𐝉𐘂𐝫𐄁 | 𐝫𐘇𐄑𐝁𐄁 | 𐙂𐝃𐙂𐝃,"[13, 20, 25]","[13, 20, 25]",1.0000
HT46a,61,12,1,𐝫𐝫𐘕𐘘𐄇𐝫𐝫𐙂𐘁𐄓𐄉𐝆,[],[],0.0000
HT46b,62,9,1,𐝫𐝫𐝫𐄐𐄌𐝆𐝫𐄈𐄊,[],[],0.0000
HT47a,63,30,2,𐘾𐝫𐝫𐛗𐄁 | 𐙂𐘰𐘅𐘹𐄑𐝫𐝫𐘬𐄑𐝫𐘉𐝫𐝫𐘢𐄐𐘸𐘀𐘁𐝫𐝫𐄋𐝫𐘻𐘯𐘻,[4],[4],1.0000
HT47b,64,6,1,𐝫𐘴𐘅𐘙𐝫𐝫,[],[],0.0000
HT49a,65,58,3,𐝫𐄁 | 𐝫𐘽𐘬𐝫𐝫𐘳𐘅𐘠𐄁 | 𐄇𐝫𐝫𐝫𐘭𐄇𐘲𐘸𐝫𐝫𐄇𐘠𐘬𐘝𐄇𐝫𐝫𐝫𐘤𐘴𐄇𐘇𐘘𐄇𐚞𐄇𐙢𐄇𐙂𐘰𐘯𐄇𐘹𐘲𐘜𐄇𐘸𐄇—𐝫𐄋𐘹𐄊𐘸𐄇𐝫𐝫,"[1, 10]","[1, 10]",1.0000
HT49b,66,16,1,𐝫𐝫𐙂𐝫𐝫𐘚𐘸𐝫𐝫𐘳—𐝫𐝫𐘾𐝫𐝫,[],[],0.0000
HT5,5,16,1,𐝫𐝫𐙛𐝫𐝫𐙁𐘤𐄒𐝫𐝫𐘣𐘬𐄐𐝫𐝫𐝫,[],[],0.0000
HT50a,67,23,1,𐝫—𐝫𐙉𐝫𐝫𐝃𐜓𐝃𐜗𐝆𐜎𐝆𐙘𐄇𐝆𐝫𐝫𐙋𐄉𐛺𐝃𐝄,[],[],0.0000
HT50b,68,8,1,𐝫𐝫𐜓𐝫𐝫𐜉𐄇𐝫,[],[],0.0000
HT51a,69,19,4,𐝫𐄋𐘝𐄁 | 𐘃𐄁 | 𐙁𐝫𐝫 | 𐘈𐄕𐄊𐘠𐘝𐝫𐝫𐘙𐝫𐝫,"[3, 5]","[3, 5, 8]",0.9167
HT51b,70,16,1,𐝫𐙂𐘋𐘳𐄐𐄈𐝫𐝫𐙀𐘬𐝆𐝄𐘤𐝫𐝫𐝫,[],[],0.0000
HT52a,71,13,3,𐘞𐙁𐄁 | 𐘃𐄁 | 𐝫𐄊𐘆𐘾𐘸𐝫𐝫𐝫,"[2, 4]","[2, 4]",1.0000
HT52b,72,9,2,𐝫𐘗𐄁 | 𐙉𐄚𐄇𐝫𐝫𐝫,[2],[2],1.0000
HT53a,73,16,1,𐝫𐝫𐘞𐘗𐝫𐝫𐝫𐄓𐝫𐙖𐝫𐝫𐄙𐘴𐝫𐝫,[],[],0.0000
HT53b,74,12,1,𐝫𐝫𐝫𐄐𐄎𐝫𐝫𐝫𐙂𐘙𐝫𐝫,[],[],0.0000
HT54a,75,14,1,𐝫𐝫𐝫𐙂𐘻𐘅𐘿𐝫𐝫𐘸𐘻𐘽𐝫𐝫,[],[],0.0000
HT54b,76,7,1,𐝫𐝫𐄊𐘸𐝫𐝫𐝫,[],[],0.0000
HT55a,77,22,2,𐝫𐘸𐘁𐄁 | 𐙁𐘙𐄇𐝫𐝫𐙕𐄇𐘤𐘘𐄇𐘗𐝫𐝫𐘹𐄇𐝫𐝫𐝫,[3],[3],1.0000
HT55b,78,13,1,𐝫𐘃𐄇𐘿𐝫𐝫𐘭𐘱𐄇𐘚𐝫𐝫𐝫,[],[],0.0000
HT56a,79,11,2,𐙓𐄁 | 𐘞𐝫𐝫𐄐𐄇𐝆𐘉𐝫𐝫,[1],[1],1.0000
HT56b,80,6,1,𐜓𐄑𐝫—𐝫𐝫,[],[],0.0000
HT57a,81,12,1,𐘀𐘿𐘴𐝫𐝫𐄇𐘇𐝫𐝫𐝄𐝫𐝫,[],[],0.0000
HT57b,82,5,1,𐝫𐙙𐄎𐝫𐝫,[],[],0.0000
HT58,83,23,2,𐘿𐘠𐘴𐘬𐄁 | 𐙇𐝫𐜋𐄐𐄏𐜗𐝫𐝫𐜎𐄉𐙋𐄓𐄇𐝫𐘉𐘸𐝫𐝫,[4],[4],1.0000
HT60,84,17,1,𐝫𐝫𐜏𐝇𐛙𐝫𐝇𐙍𐝇𐝃𐄋𐚹𐝫𐝫𐚻𐝉𐝫,[],[],0.0000
HT61,85,8,2,𐝫𐝫𐘻𐘠𐄁 | 𐛲𐄌𐝫,[4],[4],1.0000
HT62+73,86,73,6,𐝫𐘞𐘴𐄁 | 𐘃𐄁 | 𐙍𐝫𐄁 | 𐝫𐘅𐙉𐄐𐄋𐝃𐘾𐙂𐄊𐝫𐝫𐄐𐄎𐘛𐘠𐝫𐄁 | 𐄌𐘆𐝫𐝫𐄊𐝃𐘾𐝫𐝫𐙇𐝫𐝫𐄊𐘺𐝫𐝫𐘯𐄐𐄍𐝫𐝫𐄑𐄋𐝫𐝫𐝫𐙂𐝫𐄁 | 𐝫𐄇𐝫𐘂𐘚𐘸𐝫𐝫𐄎𐘞𐘁𐘿𐝫𐝫𐄑𐄎𐝫𐝫,"[3, 5, 8, 25, 54]","[3, 5, 8, 25, 54]",1.0000
HT63,87,15,2,𐙙𐄁 | 𐘃𐄇𐘾𐘠𐄇𐘲𐘜𐝫𐝫𐙀𐄈𐝫𐝫,[1],[1],1.0000
HT64,88,18,1,𐝫𐝫𐙂𐙀𐘅𐝫𐝫𐘅𐄈𐘘𐙁𐝫𐝫𐄉𐘑𐄌𐝫𐝫,[],[],0.0000
HT65,89,4,1,𐝫𐜤𐝇𐝫,[],[],0.0000
HT66,90,17,3,𐙀𐄁 | 𐙇𐄁 | 𐝫𐘆𐄈𐘳𐝫𐝫𐘳𐘻𐝫𐝫𐘙𐄇𐝫,"[1, 3]","[1, 3]",1.0000
HT67,91,14,2,𐝫𐝫𐝫𐙂𐘁𐄜𐄑𐝫𐝫𐘝𐄁 | 𐘃𐄜𐝫,[10],[10],1.0000
HT68,92,10,3,𐄁 | 𐝫𐘶𐄁 | 𐙇𐝫𐝫𐄊𐝫𐝫,"[0, 3]","[0, 3]",1.0000
HT69,93,17,1,𐝫𐝫𐄋𐘆𐄎𐝫𐝫𐙁𐘆𐄊𐝫𐝫𐘆𐄐𐄈𐝫𐝫,[],[],0.0000
HT6a,6,46,5,𐘾𐘂𐄁 | 𐘀𐘳𐘴𐄁 | 𐘃𐄁 | 𐘝𐄐𐄋𐘢𐘳𐘱𐄑𐄊𐛑𐝓𐙁𐙭𐄐𐘵𐘽𐘆𐘗𐄈𐘾𐘂𐘿𐄋𐝕𐘀𐘿𐘴𐄁 | 𐘿𐘢𐘳𐄑𐄈𐝕𐘝𐄐𐄋𐝆,"[2, 6, 8, 35]","[2, 6, 8, 35]",1.0000
HT6b,7,34,1,𐘮𐘬𐘝𐘻𐄉𐝅𐘴𐘠𐘈𐄇𐙁𐘭𐘙𐘚𐄉𐘬𐘀𐙁𐄕𐄌𐘀𐘸𐄉𐝃𐘞𐙁𐄒𐄋𐘰𐘝𐘅𐄐𐄍𐝆,[],[],0.0000
HT70,94,19,2,𐝫𐘝𐄁 | 𐘃𐄒𐝫𐝫𐘌𐙈𐘞𐄈𐝃𐝫𐝫𐘚𐄉𐝫𐝫𐝫,[2],[2],1.0000
HT72,95,6,2,𐘤𐙇𐝫𐄁 | 𐝫𐝫,[3],[3],1.0000
HT74,96,8,1,𐝫𐝫𐝫𐙂𐘁𐄑𐝫𐝫,[],[],0.0000
HT75,97,5,1,𐘾𐘘𐝫—𐝫,[],[],0.0000
HT78,98,8,1,𐝫—𐝫𐘕𐙢𐝫—𐝫,[],[],0.0000
HT79+83,99,31,4,𐝫𐘚𐄁 | 𐙙𐝫𐝫𐘾𐄁 | 𐘀𐘰𐝫𐝫𐘹𐘂𐘭𐄇𐝫𐝫𐘹𐝫𐄁 | 𐝫𐄉𐝫𐙂𐘝𐝫𐝫𐙀𐄉𐝫,"[2, 7, 20]","[2, 7, 20]",1.0000
HT7a,8,21,2,𐘿𐘠𐄁 | 𐙇𐘚𐘘𐘱𐄉𐘬𐘱𐄊𐘳𐘅𐘠𐄇𐘀𐘙𐄇𐘃𐘹𐄇,[2],[2],1.0000
HT7b,9,8,1,𐘐𐘹𐘗𐄇𐘀𐘘𐙵𐄈,[],[],0.0000
HT80,100,7,2,𐝫 | 𐝫𐘶𐘴𐝫𐝫𐝫,[],[0],0.7500
HT81,101,15,3,𐘇𐘈𐄁 | 𐛚𐄁 | 𐝅𐝫𐝫𐘭𐘲𐙁𐝋𐘸𐝫𐝫,"[2, 4]","[2, 4]",1.0000
HT82,102,9,1,𐝫𐝫𐛮𐝇𐝫𐜜𐝃𐝫𐝫,[],[],0.0000
HT84,103,12,3,𐘐𐘱𐘬𐝫 | 𐝫𐘯𐘠𐄁 | 𐙇𐝫𐝫𐝫,[7],"[3, 7]",0.8750
HT85a,104,41,4,𐘇𐘬𐄁 | 𐜠𐄁 | 𐙇𐄁 | 𐘀𐘭𐘀𐄐𐄈𐘰𐘝𐄐𐄈𐘉𐙱𐘍𐄌𐘀𐘤𐙈𐄑𐄊𐙂𐙀𐘝𐄋𐘃𐘥𐄉𐘀𐘙𐄊𐙂𐘁𐝫𐝫𐄕𐄌,"[2, 4, 6]","[2, 4, 6]",1.0000
HT85b,105,41,2,𐘸𐘸𐘴𐘱𐄁 | 𐘸𐘙𐘷𐄇𐘿𐘾𐄇𐘂𐄇𐘃𐘹𐝫𐄇𐘾𐄇𐘆𐄇𐘋𐘍𐄇𐘙𐘆𐘈𐄇𐘮𐘬𐘝𐘻𐄇𐙁𐘆𐄇𐘌𐙠𐘚𐄇,[4],[4],1.0000
HT86a,106,32,3,𐘇𐘾𐘘𐄁 | 𐙂𐘝𐘲𐛷𐄑𐘞𐘘𐄑𐘆𐘦𐘘𐄑𐘌𐘽𐘮𐄐—𐘇𐘬𐄁 | 𐘀𐘋𐛳𐄑𐘻𐘯𐘃𐄑,"[3, 23]","[3, 23]",1.0000
HT86b,107,14,2,𐘇𐘾𐘘𐄁 | 𐙂𐘝𐘲𐛷𐄑𐘞𐘘𐄑𐘆𐘦,[3],[3],1.0000
HT87,108,38,4,𐘐𐘹𐘗𐄁 | 𐙁𐘾𐘭𐘃𐄁 | 𐘢𐘳𐘥𐘤𐄇𐘱𐘙𐘻𐄇𐘆𐘸𐘈𐄇𐘿𐘲𐘫𐄇𐙂𐘘𐙂𐄇𐘇𐘴𐝫𐄁 | 𐝫𐘇𐘹𐄇,"[3, 8, 33]","[3, 8, 33]",1.0000
HT88,109,42,3,𐘇𐘬𐛧𐄑𐘙𐘍𐄌𐘝𐄁 | 𐘸𐘸𐘅𐄍𐘸𐘁𐄁 | 𐙂𐘰𐘰𐄇𐘾𐘶𐄇𐙂𐘰𐘯𐄇𐘂𐘱𐘙𐄇𐘞𐙁𐘁𐄇𐘀𐘳𐘙𐄇𐙂𐘁𐄌,"[8, 15]","[8, 15]",1.0000
HT89,110,36,3,𐘇𐘞𐘽𐄁 | 𐙛𐄁 | 𐙙𐄑𐄉𐛕𐄑𐄈𐙁𐘚𐘻𐄑𐄊𐛩𐄐𐄉𐘳𐘴𐄋𐙂𐘁𐄗𐄍𐙗𐄈𐝕𐘝𐄈𐝃𐙍𐄌𐝫,"[3, 5]","[3, 5]",1.0000
HT8a,10,29,1,𐘧𐘆𐜓𐄐𐘰𐘾𐘴𐘠𐄇𐝆𐘂𐄉𐝆𐘃𐙕𐄈𐘌𐙠𐘚𐝕𐘤𐘸𐘴𐝃𐘸𐘙𐘳𐘅𐝆,[],[],0.0000
HT8b,11,26,1,𐘲𐘜𐙓𐄇—𐄋𐘰𐙓𐄈𐘌𐙠𐘚𐄇𐝃𐝄𐘾𐘂𐝆𐘂𐘱𐘙𐄇𐝄𐛥𐝆𐝆,[],[],0.0000
HT90,111,25,1,𐘚𐙂𐘭𐘅𐘞𐘽𐙉𐄑𐘝𐄐𐜉𐄉𐘤𐘘𐙁𐘭𐘷𐙉𐄇𐘝𐄇𐜗𐄇𐙘𐄇,[],[],0.0000
HT91,112,33,5,𐘚𐘾𐄁 | 𐙲𐄁 | 𐙉𐝎𐙘𐝀𐄁 | 𐜓𐝀𐜋𐝀𐜗𐝀𐙋𐝀𐘝𐝀𐙍𐝀𐘡𐄋𐘃𐘭𐄁 | 𐜗𐝀𐘡𐄉𐝫𐝫,"[2, 4, 9, 26]","[2, 4, 9, 26]",1.0000
HT92,113,11,3,𐘃𐄁 | 𐘇𐘬𐄁 | 𐙉𐄞𐄗𐙘𐄐𐄈,"[1, 4]","[1, 4]",1.0000
HT93a,114,78,7,𐘰𐘝𐘅𐄁 | 𐙉𐘰𐄁 | 𐚿𐄐𐄈𐘆𐘭𐘅𐄁 | 𐚴𐄓𐄉𐝆𐘸𐘆𐘝𐄋𐝆𐝅𐘇𐘈𐄁 | 𐘚𐛭𐄑𐄌𐝕𐘞𐘽𐄑𐘌𐘌𐘘𐄁 | 𐘚𐛭𐄋𐙇𐘚𐄌𐘦𐘶𐙂𐄇𐝆𐘵𐘠𐝫𐄁 | 𐄉𐘀𐘭𐘀𐚦𐄈𐚃𐄈𐘰𐘝𐘅𐝫𐝫𐘂𐘈𐘱𐄑𐙇𐄐𐝄𐝫𐝫𐘾𐄊,"[3, 6, 13, 26, 38, 53]","[3, 6, 13, 26, 38, 53]",1.0000
HT93b,115,8,1,𐝫𐄙𐄕𐄋𐝅𐘸𐘁𐝫,[],[],0.0000
HT94a,116,43,1,𐘾𐘂𐙇𐄕𐄈𐙅𐄑𐛃𐄍𐛪𐄐𐄎𐘳𐄊𐙂𐘁𐄙𐄐𐘞𐘽𐙗𐄋𐘝𐄉𐝅𐝫𐄈𐙪𐙚𐄐𐄇𐙗𐝂𐝂𐘝𐝂𐝂𐝫𐄐𐄊𐝆𐘝𐝂,[],[],0.0000
HT94b,117,38,5,𐘸𐘁𐄁 | 𐘹𐙁𐄇𐘂𐘳𐘗𐄇𐘦𐘆𐄇𐘥𐘸𐘘𐄇𐘞𐘘𐄇𐙂𐘁𐄋𐙅𐄁 | 𐘴𐝫𐄁 | 𐝫𐘦𐘋𐘃𐄇𐘐𐘹𐝫𐄁 | 𐄇,"[2, 24, 27, 36]","[2, 24, 27, 36]",1.0000
HT95a,118,28,2,𐘀𐘬𐙁𐘳𐄁 | 𐙉𐘀𐘋𐄐𐘻𐘯𐘃𐄐𐘞𐘘𐄑𐙂𐘝𐘲𐄐𐘆𐘦𐘘𐄐𐘿𐘽𐘉𐄍,[4],[4],1.0000
HT95b,119,28,3,𐘇𐘬𐄁 | 𐘞𐘘𐄐𐝫𐄁 | 𐝫𐘀𐘋𐄐𐘻𐘯𐘃𐄐𐙂𐘝𐘲𐄐𐘆𐘦𐘘𐄐𐘿𐘽𐘉𐄐,"[2, 7]","[2, 7]",1.0000
HT96a,120,49,7,𐘚𐘠𐘠𐙂𐘝𐄁 | 𐘇𐘂𐘴𐘗𐄁 | 𐘇𐙌𐘃𐄁 | 𐘤𐘻𐘳𐙉𐄋𐘘𐘞𐄊𐙯𐙩𐄇𐘢𐘳𐘴𐄁 | 𐄇𐙯𐚄𐄇—𐝫𐙂𐙁𐘁𐄁 | 𐄁 | 𐘃𐘝𐄑𐝫𐘝𐄈—𐝫,"[5, 10, 14, 29, 39, 40]","[5, 10, 14, 29, 39, 40]",1.0000
HT96b,121,22,5,𐘇𐘂𐘴𐘗𐄁 | 𐘌𐙈𐘴𐘙𐄁 | 𐛀𐄁 | 𐙉𐄁 | 𐄓𐝕𐜋𐄊𐘝𐄈𐝇𐝫,"[4, 9, 11, 13]","[4, 9, 11, 13]",1.0000
HT97a,122,48,4,𐘾𐘘𐄁 | 𐜠𐄁 | 𐛧𐄗𐄈𐙳𐄒𐄉𐘾𐘯𐘠𐄑𐄋𐘂𐘚𐘄𐄌𐘆𐄊𐘅𐘠𐄊𐙁𐘆𐄋𐘶𐄐𐄋𐘸𐄉𐙀𐝫𐄋𐘳𐘠𐄈𐘦𐝫𐄁 | 𐄉𐝫𐝫𐘇𐄋𐝫,"[2, 4, 41]","[2, 4, 41]",1.0000
HT97b,123,2,1,𐘞𐘽,[],[],0.0000
HT98a,124,28,3,𐝫 | 𐝫𐘦𐄇𐝫𐝫 | 𐘹𐄇𐘳𐘅𐘠𐝕𐘆𐘙𐘆𐘅𐝆𐘃𐙕𐝕𐘁𐘥𐝆𐘾𐘭𐙠𐘚𐝃,[],"[0, 5]",0.7500
HT98b,125,12,2,𐝫 | 𐝫𐙓𐝫𐝫𐙍𐝕𐘀𐘘𐘗𐘃𐝇,[],[0],0.7500
HT99a,126,16,2,𐘇𐘬𐄁 | 𐘞𐘽𐙗𐄊𐝫𐘝𐄊𐝫𐙍𐄇𐝅𐛱𐝫,[2],[2],1.0000
HT99b,127,14,1,𐛉𐘝𐄌𐘀𐘤𐙈𐄈𐙀𐘬𐄇𐘘𐙁𐘳𐄇,[],[],0.0000
HT9a,12,41,5,𐘞𐘁𐄁 | 𐘃𐄁 | 𐙍𐄁 | 𐘂𐘦𐄁 | 𐄋𐝕𐙚𐘹𐄐𐘆𐘅𐘉𐄊𐘿𐘫𐄈𐙰𐘆𐘴𐄈𐝆𐘳𐘚𐙌𐄈𐝆𐘇𐘘𐄊𐝃𐙂𐘁𐄒𐄇𐝕,"[2, 4, 6, 9]","[2, 4, 6, 9]",1.0000
HT9b,13,38,3,𐘰𐄁 | 𐘮𐘱𐘢𐝫—𐘾𐙙𐄁 | 𐘂𐘦𐄉𐘇𐘤𐄉𐙚𐘹𐄎𐙰𐘆𐘴𐄈𐘿𐘫𐄈𐘳𐘚𐙌𐄈𐘆𐘅𐘉𐄊𐙂𐘁𐄑𐄊,"[1, 9]","[1, 9]",1.0000
HTW231a,200,1,1,𐙋,[],[],0.0000
HTW231b,201,1,1,𐙓,[],[],0.0000
HTW231c,202,3,2,𐝫𐄁 | 𐝫,[1],[1],1.0000
HTW231d-f,203,4,1,None,[],[],0.0000
HTWa1001,204,2,1,𐘀𐘾,[],[],0.0000
HTWa1002,205,2,1,𐘀𐘾,[],[],0.0000
HTWa1003,206,2,1,𐘀𐘾,[],[],0.0000
HTWa1004,207,2,1,𐘀𐘾,[],[],0.0000
HTWa1005,208,2,1,𐘀𐘾,[],[],0.0000
HTWa1006,209,2,1,𐘚𐘽,[],[],0.0000
HTWa1007,210,2,1,𐘚𐘽,[],[],0.0000
HTWa1008,211,2,1,𐘚𐘽,[],[],0.0000
HTWa1009,212,2,1,𐘚𐘽,[],[],0.0000
HTWa1010,213,2,1,𐘚𐘽,[],[],0.0000
HTWa1011,214,2,1,𐘚𐘽,[],[],0.0000
HTWa1012,215,2,1,𐘚𐘽,[],[],0.0000
HTWa1013,216,2,1,𐘚𐘽,[],[],0.0000
HTWa1014,217,2,1,𐘤𐘾,[],[],0.0000
HTWa1015,218,2,1,𐘤𐘾,[],[],0.0000
HTWa1016,219,2,1,𐘤𐘾,[],[],0.0000
HTWa1017,220,2,1,𐘤𐘾,[],[],0.0000
HTWa1018,221,2,1,𐘤𐘾,[],[],0.0000
HTWa1019,222,5,1,𐘂𐘳𐘗𐘤𐘹,[],[],0.0000
HTWa1020,223,7,1,𐜝𐙂𐘂𐝃𐘧𐘳𐘅,[],[],0.0000
HTWa1021,224,6,2,𐙓𐘬𐄁 | 𐝕𐛉𐛔,[2],[2],1.0000
HTWa1021bis,225,3,1,𐜝𐜙𐄉,[],[],0.0000
HTWa1022,226,1,1,𐛁,[],[],0.0000
HTWa1023,227,1,1,𐝃,[],[],0.0000
HTWa1024,228,1,1,𐝃,[],[],0.0000
HTWa1025,229,2,1,𐝆𐙕,[],[],0.0000
HTWa1026,230,2,1,𐝃𐙕,[],[],0.0000
HTWa1027,231,2,2,𐘾 | 𐘤,[],[0],0.7500
HTWa1028,232,2,1,𐘤𐘾,[],[],0.0000
HTWa1029,233,2,1,𐙕𐙕,[],[],0.0000
HTWa1030,234,2,1,𐙕𐙕,[],[],0.0000
HTWa1031,235,1,1,𐘀,[],[],0.0000
HTWa1032,236,1,1,𐘁,[],[],0.0000
HTWa1033,237,1,1,𐘁,[],[],0.0000
HTWa1034,238,1,1,𐘁,[],[],0.0000
HTWa1035,239,1,1,𐘁,[],[],0.0000
HTWa1036,240,1,1,𐘁,[],[],0.0000
HTWa1037,241,1,1,𐘁,[],[],0.0000
HTWa1038,242,1,1,𐘁,[],[],0.0000
HTWa1039,243,1,1,𐘁,[],[],0.0000
HTWa1040,244,1,1,𐘁,[],[],0.0000
HTWa1041,245,1,1,𐘁,[],[],0.0000
HTWa1042,246,1,1,𐘁,[],[],0.0000
HTWa1043,247,1,1,𐘁,[],[],0.0000
HTWa1044,248,1,1,𐘁,[],[],0.0000
HTWa1045,249,1,1,𐘁,[],[],0.0000
HTWa1046,250,1,1,𐘁,[],[],0.0000
HTWa1047,251,1,1,𐘁,[],[],0.0000
HTWa1048,252,1,1,𐘁,[],[],0.0000
HTWa1049,253,1,1,𐘁,[],[],0.0000
HTWa1050,254,1,1,𐘁,[],[],0.0000
HTWa1051,255,1,1,𐘁,[],[],0.0000
HTWa1052,256,1,1,𐘁,[],[],0.0000
HTWa1053,257,1,1,𐘁,[],[],0.0000
HTWa1054,258,1,1,𐘁,[],[],0.0000
HTWa1055,259,1,1,𐘁,[],[],0.0000
HTWa1056,260,1,1,𐘁,[],[],0.0000
HTWa1057,261,1,1,𐘁,[],[],0.0000
HTWa1058,262,1,1,𐘁,[],[],0.0000
HTWa1059,263,1,1,𐘁,[],[],0.0000
HTWa1060,264,1,1,𐘁,[],[],0.0000
HTWa1061,265,1,1,𐘁,[],[],0.0000
HTWa1062,266,1,1,𐘁,[],[],0.0000
HTWa1063,267,1,1,𐘁,[],[],0.0000
HTWa1064,268,1,1,𐘁,[],[],0.0000
HTWa1065,269,1,1,𐘁,[],[],0.0000
HTWa1066,270,1,1,𐘁,[],[],0.0000
HTWa1067,271,1,1,𐘁,[],[],0.0000
HTWa1068,272,1,1,𐘁,[],[],0.0000
HTWa1069,273,1,1,𐘁,[],[],0.0000
HTWa1070,274,1,1,𐘁,[],[],0.0000
HTWa1073,275,1,1,𐘁,[],[],0.0000
HTWa1074,276,1,1,𐘁,[],[],0.0000
HTWa1075,277,1,1,𐘁,[],[],0.0000
HTWa1076,278,1,1,𐘁,[],[],0.0000
HTWa1077,279,1,1,𐘁,[],[],0.0000
HTWa1078,280,1,1,𐘁,[],[],0.0000
HTWa1079,281,1,1,𐘁,[],[],0.0000
HTWa1080,282,1,1,𐘁,[],[],0.0000
HTWa1081,283,1,1,𐘁,[],[],0.0000
HTWa1082,284,1,1,𐘁,[],[],0.0000
HTWa1083,285,1,1,𐘁,[],[],0.0000
HTWa1084,286,1,1,𐘁,[],[],0.0000
HTWa1085,287,1,1,𐘁,[],[],0.0000
HTWa1086,288,1,1,𐘁,[],[],0.0000
HTWa1087,289,1,1,𐘁,[],[],0.0000
HTWa1088,290,1,1,𐘁,[],[],0.0000
HTWa1089,291,1,1,𐘁,[],[],0.0000
HTWa1090,292,1,1,𐘁,[],[],0.0000
HTWa1091,293,1,1,𐘁,[],[],0.0000
HTWa1092,294,1,1,𐘁,[],[],0.0000
HTWa1093,295,1,1,𐘁,[],[],0.0000
HTWa1094,296,1,1,𐘁,[],[],0.0000
HTWa1095,297,1,1,𐘁,[],[],0.0000
HTWa1096,298,1,1,𐘁,[],[],0.0000
HTWa1097,299,1,1,𐘁,[],[],0.0000
HTWa1098,300,1,1,𐘁,[],[],0.0000
HTWa1099,301,1,1,𐘁,[],[],0.0000
HTWa1100,302,1,1,𐘁,[],[],0.0000
HTWa1101,303,1,1,𐘁,[],[],0.0000
HTWa1102,304,1,1,𐘁,[],[],0.0000
HTWa1103,305,1,1,𐘁,[],[],0.0000
HTWa1104,306,1,1,𐘁,[],[],0.0000
HTWa1105,307,1,1,𐘁,[],[],0.0000
HTWa1106,308,1,1,𐘁,[],[],0.0000
HTWa1107,309,1,1,𐘁,[],[],0.0000
HTWa1108,310,1,1,𐘁,[],[],0.0000
HTWa1109,311,1,1,𐘁,[],[],0.0000
HTWa1110,312,1,1,𐘁,[],[],0.0000
HTWa1111,313,1,1,𐘁,[],[],0.0000
HTWa1112,314,1,1,𐘁,[],[],0.0000
HTWa1113,315,1,1,𐘁,[],[],0.0000
HTWa1114,316,1,1,𐘁,[],[],0.0000
HTWa1115,317,1,1,𐘁,[],[],0.0000
HTWa1116,318,1,1,𐘁,[],[],0.0000
HTWa1117,319,1,1,𐘁,[],[],0.0000
HTWa1118,320,1,1,𐘁,[],[],0.0000
HTWa1119,321,1,1,𐘁,[],[],0.0000
HTWa1120,322,1,1,𐘁,[],[],0.0000
HTWa1121,323,1,1,𐘁,[],[],0.0000
HTWa1122,324,1,1,𐘃,[],[],0.0000
HTWa1123,325,1,1,𐘃,[],[],0.0000
HTWa1124,326,1,1,𐘃,[],[],0.0000
HTWa1125,327,1,1,𐘃,[],[],0.0000
HTWa1126,328,1,1,𐘃,[],[],0.0000
HTWa1127,329,1,1,𐘃,[],[],0.0000
HTWa1128,330,1,1,𐘃,[],[],0.0000
HTWa1129,331,1,1,𐘃,[],[],0.0000
HTWa1130,332,1,1,𐘃,[],[],0.0000
HTWa1131,333,1,1,𐘃,[],[],0.0000
HTWa1132,334,1,1,𐘃,[],[],0.0000
HTWa1133,335,1,1,𐘃,[],[],0.0000
HTWa1134,336,1,1,𐘃,[],[],0.0000
HTWa1135,337,1,1,𐘃,[],[],0.0000
HTWa1136,338,1,1,𐘃,[],[],0.0000
HTWa1137,339,1,1,𐘃,[],[],0.0000
HTWa1138,340,1,1,𐘃,[],[],0.0000
HTWa1139,341,1,1,𐘃,[],[],0.0000
HTWa1140,342,1,1,𐘃,[],[],0.0000
HTWa1141,343,1,1,𐘃,[],[],0.0000
HTWa1142,344,1,1,𐘃,[],[],0.0000
HTWa1143,345,1,1,𐘃,[],[],0.0000
HTWa1144,346,1,1,𐘃,[],[],0.0000
HTWa1145,347,1,1,𐘃,[],[],0.0000
HTWa1146,348,1,1,𐘃,[],[],0.0000
HTWa1147,349,1,1,𐘇,[],[],0.0000
HTWa1148,350,1,1,𐘇,[],[],0.0000
HTWa1149,351,1,1,𐘇,[],[],0.0000
HTWa1150,352,1,1,𐘚,[],[],0.0000
HTWa1151,353,1,1,𐘚,[],[],0.0000
HTWa1152,354,1,1,𐘚,[],[],0.0000
HTWa1153,355,1,1,𐘚,[],[],0.0000
HTWa1154,356,1,1,𐘚,[],[],0.0000
HTWa1155,357,1,1,𐘚,[],[],0.0000
HTWa1156,358,1,1,𐘚,[],[],0.0000
HTWa1157,359,1,1,𐘚,[],[],0.0000
HTWa1158,360,1,1,𐘚,[],[],0.0000
HTWa1159,361,1,1,𐘚,[],[],0.0000
HTWa1160,362,1,1,𐘚,[],[],0.0000
HTWa1161,363,1,1,𐘚,[],[],0.0000
HTWa1162,364,1,1,𐘚,[],[],0.0000
HTWa1163,365,1,1,𐘚,[],[],0.0000
HTWa1164,366,1,1,𐘚,[],[],0.0000
HTWa1165,367,1,1,𐘚,[],[],0.0000
HTWa1166,368,1,1,𐘚,[],[],0.0000
HTWa1167,369,1,1,𐘚,[],[],0.0000
HTWa1168,370,1,1,𐘚,[],[],0.0000
HTWa1169,371,1,1,𐘚,[],[],0.0000
HTWa1170,372,1,1,𐘚,[],[],0.0000
HTWa1171,373,1,1,𐘚,[],[],0.0000
HTWa1172,374,1,1,𐘚,[],[],0.0000
HTWa1173,375,1,1,𐘚,[],[],0.0000
HTWa1174,376,1,1,𐘚,[],[],0.0000
HTWa1175,377,1,1,𐘤,[],[],0.0000
HTWa1176,378,1,1,𐘤,[],[],0.0000
HTWa1177,379,1,1,𐘤,[],[],0.0000
HTWa1178,380,1,1,𐘤,[],[],0.0000
HTWa1179,381,1,1,𐘤,[],[],0.0000
HTWa1180,382,1,1,𐘤,[],[],0.0000
HTWa1181,383,1,1,𐘤,[],[],0.0000
HTWa1182,384,1,1,𐘤,[],[],0.0000
HTWa1183,385,1,1,𐘤,[],[],0.0000
HTWa1184,386,1,1,𐘤,[],[],0.0000
HTWa1185,387,1,1,𐘤,[],[],0.0000
HTWa1186,388,1,1,𐘤,[],[],0.0000
HTWa1187,389,1,1,𐘤,[],[],0.0000
HTWa1188,390,1,1,𐘤,[],[],0.0000
HTWa1189,391,1,1,𐘤,[],[],0.0000
HTWa1190,392,1,1,𐘤,[],[],0.0000
HTWa1191,393,1,1,𐘤,[],[],0.0000
HTWa1192,394,1,1,𐘤,[],[],0.0000
HTWa1193,395,1,1,𐘤,[],[],0.0000
HTWa1194,396,1,1,𐘤,[],[],0.0000
HTWa1195,397,1,1,𐘤,[],[],0.0000
HTWa1196,398,1,1,𐘤,[],[],0.0000
HTWa1197,399,1,1,𐘤,[],[],0.0000
HTWa1198,400,1,1,𐘤,[],[],0.0000
HTWa1199,401,1,1,𐘤,[],[],0.0000
HTWa1200,402,1,1,𐘤,[],[],0.0000
HTWa1201,403,1,1,𐘤,[],[],0.0000
HTWa1202,404,1,1,𐘤,[],[],0.0000
HTWa1203,405,1,1,𐘤,[],[],0.0000
HTWa1204,406,1,1,𐘤,[],[],0.0000
HTWa1205,407,1,1,𐘤,[],[],0.0000
HTWa1206,408,1,1,𐘤,[],[],0.0000
HTWa1207,409,1,1,𐘤,[],[],0.0000
HTWa1208,410,1,1,𐘤,[],[],0.0000
HTWa1209,411,1,1,𐘤,[],[],0.0000
HTWa1210,412,1,1,𐘤,[],[],0.0000
HTWa1211,413,1,1,𐘤,[],[],0.0000
HTWa1212,414,1,1,𐘤,[],[],0.0000
HTWa1213,415,1,1,𐘤,[],[],0.0000
HTWa1214,416,1,1,𐘤,[],[],0.0000
HTWa1215,417,1,1,𐘤,[],[],0.0000
HTWa1216,418,1,1,𐘤,[],[],0.0000
HTWa1217,419,1,1,𐘤,[],[],0.0000
HTWa1218,420,1,1,𐘤,[],[],0.0000
HTWa1219,421,1,1,𐘤,[],[],0.0000
HTWa1220,422,1,1,𐘤,[],[],0.0000
HTWa1221,423,1,1,𐘤,[],[],0.0000
HTWa1222,424,1,1,𐘤,[],[],0.0000
HTWa1223,425,1,1,𐘤,[],[],0.0000
HTWa1224,426,1,1,𐘤,[],[],0.0000
HTWa1225,427,1,1,𐘤,[],[],0.0000
HTWa1226,428,1,1,𐘤,[],[],0.0000
HTWa1227,429,1,1,𐘤,[],[],0.0000
HTWa1228,430,1,1,𐘤,[],[],0.0000
HTWa1229,431,1,1,𐘤,[],[],0.0000
HTWa1230,432,1,1,𐘤,[],[],0.0000
HTWa1231,433,1,1,𐘤,[],[],0.0000
HTWa1232,434,1,1,𐘤,[],[],0.0000
HTWa1233,435,1,1,𐘤,[],[],0.0000
HTWa1234,436,1,1,𐘤,[],[],0.0000
HTWa1235,437,1,1,𐘤,[],[],0.0000
HTWa1236,438,1,1,𐘤,[],[],0.0000
HTWa1237,439,1,1,𐘤,[],[],0.0000
HTWa1238,440,1,1,𐘤,[],[],0.0000
HTWa1239,441,1,1,𐘤,[],[],0.0000
HTWa1240,442,1,1,𐘤,[],[],0.0000
HTWa1241,443,1,1,𐘤,[],[],0.0000
HTWa1242,444,1,1,𐘤,[],[],0.0000
HTWa1243,445,1,1,𐘤,[],[],0.0000
HTWa1244,446,1,1,𐘤,[],[],0.0000
HTWa1245,447,1,1,𐘤,[],[],0.0000
HTWa1246,448,1,1,𐘤,[],[],0.0000
HTWa1247,449,1,1,𐘤,[],[],0.0000
HTWa1248,450,1,1,𐘤,[],[],0.0000
HTWa1249,451,1,1,𐘤,[],[],0.0000
HTWa1250,452,1,1,𐘤,[],[],0.0000
HTWa1251,453,1,1,𐘤,[],[],0.0000
HTWa1252,454,1,1,𐘤,[],[],0.0000
HTWa1253,455,1,1,𐘤,[],[],0.0000
HTWa1254,456,1,1,𐘤,[],[],0.0000
HTWa1255,457,1,1,𐘤,[],[],0.0000
HTWa1256,458,1,1,𐘤,[],[],0.0000
HTWa1257,459,1,1,𐘤,[],[],0.0000
HTWa1258,460,1,1,𐘤,[],[],0.0000
HTWa1259,461,1,1,𐘤,[],[],0.0000
HTWa1260,462,1,1,𐘤,[],[],0.0000
HTWa1261,463,1,1,𐘤,[],[],0.0000
HTWa1262,464,1,1,𐘤,[],[],0.0000
HTWa1263,465,1,1,𐘤,[],[],0.0000
HTWa1264,466,1,1,𐘤,[],[],0.0000
HTWa1265,467,1,1,𐘤,[],[],0.0000
HTWa1266,468,1,1,𐘤,[],[],0.0000
HTWa1267,469,1,1,𐘳,[],[],0.0000
HTWa1268,470,1,1,𐘳,[],[],0.0000
HTWa1269,471,1,1,𐘳,[],[],0.0000
HTWa1270,472,1,1,𐘳,[],[],0.0000
HTWa1271,473,1,1,𐘳,[],[],0.0000
HTWa1272,474,1,1,𐘳,[],[],0.0000
HTWa1273,475,1,1,𐘳,[],[],0.0000
HTWa1274,476,1,1,𐘳,[],[],0.0000
HTWa1275,477,1,1,𐘳,[],[],0.0000
HTWa1276,478,1,1,𐘳,[],[],0.0000
HTWa1277,479,1,1,𐘳,[],[],0.0000
HTWa1278,480,1,1,𐘳,[],[],0.0000
HTWa1279,481,1,1,𐘵,[],[],0.0000
HTWa1280,482,1,1,𐘵,[],[],0.0000
HTWa1281,483,1,1,𐘵,[],[],0.0000
HTWa1282,484,1,1,𐘼,[],[],0.0000
HTWa1283,485,1,1,𐘼,[],[],0.0000
HTWa1284,486,1,1,𐘼,[],[],0.0000
HTWa1285,487,1,1,𐘼,[],[],0.0000
HTWa1286,488,1,1,𐘼,[],[],0.0000
HTWa1287,489,1,1,𐘼,[],[],0.0000
HTWa1288,490,1,1,𐘼,[],[],0.0000
HTWa1289,491,1,1,𐘼,[],[],0.0000
HTWa1290,492,1,1,𐘼,[],[],0.0000
HTWa1291,493,1,1,𐘼,[],[],0.0000
HTWa1292,494,1,1,𐘼,[],[],0.0000
HTWa1293,495,1,1,𐘼,[],[],0.0000
HTWa1294,496,1,1,𐘼,[],[],0.0000
HTWa1295,497,1,1,𐘼,[],[],0.0000
HTWa1296,498,1,1,𐘼,[],[],0.0000
HTWa1297,499,1,1,𐘼,[],[],0.0000
HTWa1298,500,1,1,𐘼,[],[],0.0000
HTWa1299,501,1,1,𐘼,[],[],0.0000
HTWa1300,502,1,1,𐘼,[],[],0.0000
HTWa1301,503,1,1,𐘼,[],[],0.0000
HTWa1302,504,1,1,𐘼,[],[],0.0000
HTWa1303,505,1,1,𐘼,[],[],0.0000
HTWa1304,506,1,1,𐘼,[],[],0.0000
HTWa1305,507,1,1,𐘼,[],[],0.0000
HTWa1306,508,1,1,𐘼,[],[],0.0000
HTWa1307,509,1,1,𐘼,[],[],0.0000
HTWa1308,510,1,1,𐘼,[],[],0.0000
HTWa1309,511,1,1,𐘼,[],[],0.0000
HTWa1310,512,1,1,𐘼,[],[],0.0000
HTWa1311,513,1,1,𐘼,[],[],0.0000
HTWa1312,514,1,1,𐘼,[],[],0.0000
HTWa1313,515,1,1,𐘼,[],[],0.0000
HTWa1314,516,1,1,𐘼,[],[],0.0000
HTWa1315,517,1,1,𐘼,[],[],0.0000
HTWa1316,518,1,1,𐘼,[],[],0.0000
HTWa1317,519,1,1,𐘼,[],[],0.0000
HTWa1318,520,1,1,𐘼,[],[],0.0000
HTWa1319,521,1,1,𐘼,[],[],0.0000
HTWa1320,522,1,1,𐘼,[],[],0.0000
HTWa1321,523,1,1,𐘼,[],[],0.0000
HTWa1322,524,1,1,𐘾,[],[],0.0000
HTWa1323,525,1,1,𐘾,[],[],0.0000
HTWa1324,526,1,1,𐘾,[],[],0.0000
HTWa1325,527,1,1,𐘾,[],[],0.0000
HTWa1326,528,1,1,𐘾,[],[],0.0000
HTWa1327,529,1,1,𐘾,[],[],0.0000
HTWa1328,530,1,1,𐘾,[],[],0.0000
HTWa1329,531,1,1,𐘾,[],[],0.0000
HTWa1330,532,1,1,𐘾,[],[],0.0000
HTWa1331,533,1,1,𐘾,[],[],0.0000
HTWa1332,534,1,1,𐘾,[],[],0.0000
HTWa1333,535,1,1,𐘾,[],[],0.0000
HTWa1334,536,1,1,𐘾,[],[],0.0000
HTWa1335,537,1,1,𐘾,[],[],0.0000
HTWa1336,538,1,1,𐘾,[],[],0.0000
HTWa1337,539,1,1,𐘾,[],[],0.0000
HTWa1338,540,1,1,𐘾,[],[],0.0000
HTWa1339,541,1,1,𐘾,[],[],0.0000
HTWa1340,542,1,1,𐘾,[],[],0.0000
HTWa1341,543,1,1,𐘾,[],[],0.0000
HTWa1342,544,1,1,𐘾,[],[],0.0000
HTWa1343,545,1,1,𐘾,[],[],0.0000
HTWa1344,546,1,1,𐘾,[],[],0.0000
HTWa1345,547,1,1,𐘾,[],[],0.0000
HTWa1346,548,1,1,𐘾,[],[],0.0000
HTWa1347,549,1,1,𐘾,[],[],0.0000
HTWa1348,550,1,1,𐘾,[],[],0.0000
HTWa1349,551,1,1,𐘾,[],[],0.0000
HTWa1350,552,1,1,𐘾,[],[],0.0000
HTWa1351,553,1,1,𐘾,[],[],0.0000
HTWa1352,554,1,1,𐘾,[],[],0.0000
HTWa1353,555,1,1,𐘾,[],[],0.0000
HTWa1354,556,1,1,𐘾,[],[],0.0000
HTWa1355,557,1,1,𐘾,[],[],0.0000
HTWa1356,558,1,1,𐘾,[],[],0.0000
HTWa1357,559,1,1,𐘾,[],[],0.0000
HTWa1358,560,1,1,𐘾,[],[],0.0000
HTWa1359,561,1,1,𐘾,[],[],0.0000
HTWa1360,562,1,1,𐘾,[],[],0.0000
HTWa1361,563,1,1,𐘾,[],[],0.0000
HTWa1362,564,1,1,𐘾,[],[],0.0000
HTWa1363,565,1,1,𐘾,[],[],0.0000
HTWa1364,566,1,1,𐘾,[],[],0.0000
HTWa1365,567,1,1,𐘾,[],[],0.0000
HTWa1366,568,1,1,𐘾,[],[],0.0000
HTWa1367,569,1,1,𐘾,[],[],0.0000
HTWa1368,570,1,1,𐘾,[],[],0.0000
HTWa1369,571,1,1,𐘾,[],[],0.0000
HTWa1370,572,1,1,𐘾,[],[],0.0000
HTWa1371,573,1,1,𐘾,[],[],0.0000
HTWa1372,574,1,1,𐘾,[],[],0.0000
HTWa1373,575,1,1,𐘾,[],[],0.0000
HTWa1374,576,1,1,𐘾,[],[],0.0000
HTWa1375,577,1,1,𐘾,[],[],0.0000
HTWa1376,578,1,1,𐘾,[],[],0.0000
HTWa1377,579,1,1,𐘾,[],[],0.0000
HTWa1378,580,1,1,𐘾,[],[],0.0000
HTWa1379,581,1,1,𐘾,[],[],0.0000
HTWa1380,582,1,1,𐘾,[],[],0.0000
HTWa1381,583,1,1,𐘾,[],[],0.0000
HTWa1382,584,1,1,𐘾,[],[],0.0000
HTWa1383,585,1,1,𐘾,[],[],0.0000
HTWa1384,586,1,1,𐘾,[],[],0.0000
HTWa1385,587,1,1,𐘾,[],[],0.0000
HTWa1386,588,1,1,𐘾,[],[],0.0000
HTWa1387,589,1,1,𐘾,[],[],0.0000
HTWa1388,590,1,1,𐘾,[],[],0.0000
HTWa1389,591,1,1,𐘾,[],[],0.0000
HTWa1390,592,1,1,𐘾,[],[],0.0000
HTWa1391,593,1,1,𐘾,[],[],0.0000
HTWa1392,594,1,1,𐘾,[],[],0.0000
HTWa1393,595,1,1,𐘾,[],[],0.0000
HTWa1394,596,1,1,𐘾,[],[],0.0000
HTWa1395,597,1,1,𐘾,[],[],0.0000
HTWa1396,598,1,1,𐘾,[],[],0.0000
HTWa1397,599,1,1,𐘾,[],[],0.0000
HTWa1398,600,1,1,𐘾,[],[],0.0000
HTWa1399,601,1,1,𐘾,[],[],0.0000
HTWa1400,602,1,1,𐘾,[],[],0.0000
HTWa1401,603,1,1,𐘾,[],[],0.0000
HTWa1402,604,1,1,𐘾,[],[],0.0000
HTWa1403,605,1,1,𐘾,[],[],0.0000
HTWa1404,606,1,1,𐘾,[],[],0.0000
HTWa1405,607,1,1,𐘾,[],[],0.0000
HTWa1406,608,1,1,𐘾,[],[],0.0000
HTWa1407,609,1,1,𐘾,[],[],0.0000
HTWa1408,610,1,1,𐘾,[],[],0.0000
HTWa1409,611,1,1,𐘾,[],[],0.0000
HTWa1410,612,1,1,𐘾,[],[],0.0000
HTWa1411,613,1,1,𐘾,[],[],0.0000
HTWa1412,614,1,1,𐘾,[],[],0.0000
HTWa1413,615,1,1,𐘾,[],[],0.0000
HTWa1414,616,1,1,𐘾,[],[],0.0000
HTWa1415,617,1,1,𐘾,[],[],0.0000
HTWa1416,618,1,1,𐘾,[],[],0.0000
HTWa1417,619,1,1,𐘾,[],[],0.0000
HTWa1418,620,1,1,𐘾,[],[],0.0000
HTWa1419,621,1,1,𐘾,[],[],0.0000
HTWa1420,622,1,1,𐘾,[],[],0.0000
HTWa1421,623,1,1,𐘾,[],[],0.0000
HTWa1422,624,1,1,𐘾,[],[],0.0000
HTWa1423,625,1,1,𐘾,[],[],0.0000
HTWa1424,626,1,1,𐘾,[],[],0.0000
HTWa1425,627,1,1,𐘾,[],[],0.0000
HTWa1426,628,1,1,𐘾,[],[],0.0000
HTWa1427,629,1,1,𐘾,[],[],0.0000
HTWa1428,630,1,1,𐘾,[],[],0.0000
HTWa1429,631,1,1,𐘾,[],[],0.0000
HTWa1430,632,1,1,𐘾,[],[],0.0000
HTWa1431,633,1,1,𐘾,[],[],0.0000
HTWa1432,634,1,1,𐘾,[],[],0.0000
HTWa1433,635,1,1,𐘾,[],[],0.0000
HTWa1434,636,1,1,𐘾,[],[],0.0000
HTWa1435,637,1,1,𐘾,[],[],0.0000
HTWa1436,638,1,1,𐘾,[],[],0.0000
HTWa1437,639,1,1,𐘾,[],[],0.0000
HTWa1438,640,1,1,𐘾,[],[],0.0000
HTWa1439,641,1,1,𐘾,[],[],0.0000
HTWa1440,642,1,1,𐘾,[],[],0.0000
HTWa1441,643,1,1,𐘾,[],[],0.0000
HTWa1442,644,1,1,𐘾,[],[],0.0000
HTWa1443,645,1,1,𐘾,[],[],0.0000
HTWa1444,646,1,1,𐘾,[],[],0.0000
HTWa1445,647,1,1,𐘾,[],[],0.0000
HTWa1446,648,1,1,𐘾,[],[],0.0000
HTWa1447,649,1,1,𐘾,[],[],0.0000
HTWa1448,650,1,1,𐘾,[],[],0.0000
HTWa1449,651,1,1,𐘾,[],[],0.0000
HTWa1450,652,1,1,𐘾,[],[],0.0000
HTWa1451,653,1,1,𐘾,[],[],0.0000
HTWa1452,654,1,1,𐘾,[],[],0.0000
HTWa1453,655,1,1,𐘾,[],[],0.0000
HTWa1454,656,1,1,𐘾,[],[],0.0000
HTWa1455,657,1,1,𐘾,[],[],0.0000
HTWa1456,658,1,1,𐘾,[],[],0.0000
HTWa1457,659,1,1,𐘾,[],[],0.0000
HTWa1458,660,1,1,𐘾,[],[],0.0000
HTWa1459,661,1,1,𐘾,[],[],0.0000
HTWa1460,662,1,1,𐘾,[],[],0.0000
HTWa1461,663,1,1,𐘾,[],[],0.0000
HTWa1462,664,1,1,𐘾,[],[],0.0000
HTWa1463,665,1,1,𐘾,[],[],0.0000
HTWa1464,666,1,1,𐘾,[],[],0.0000
HTWa1465,667,1,1,𐘾,[],[],0.0000
HTWa1466,668,1,1,𐘾,[],[],0.0000
HTWa1467,669,1,1,𐘾,[],[],0.0000
HTWa1468,670,1,1,𐘾,[],[],0.0000
HTWa1469,671,1,1,𐘾,[],[],0.0000
HTWa1470,672,1,1,𐘾,[],[],0.0000
HTWa1471,673,1,1,𐙂,[],[],0.0000
HTWa1472,674,1,1,𐙂,[],[],0.0000
HTWa1473,675,1,1,𐙂,[],[],0.0000
HTWa1474,676,1,1,𐙂,[],[],0.0000
HTWa1475,677,1,1,𐙂,[],[],0.0000
HTWa1476,678,1,1,𐙂,[],[],0.0000
HTWa1477,679,1,1,𐙂,[],[],0.0000
HTWa1478,680,1,1,𐙂,[],[],0.0000
HTWa1479,681,1,1,𐙂,[],[],0.0000
HTWa1480,682,1,1,𐙂,[],[],0.0000
HTWa1481,683,1,1,𐙂,[],[],0.0000
HTWa1482,684,1,1,𐙂,[],[],0.0000
HTWa1483,685,1,1,𐙂,[],[],0.0000
HTWa1484,686,1,1,𐙂,[],[],0.0000
HTWa1485,687,1,1,𐙂,[],[],0.0000
HTWa1486,688,1,1,𐙂,[],[],0.0000
HTWa1487,689,1,1,𐙂,[],[],0.0000
HTWa1488,690,1,1,𐙂,[],[],0.0000
HTWa1489,691,1,1,𐙂,[],[],0.0000
HTWa1490,692,1,1,𐙂,[],[],0.0000
HTWa1491,693,1,1,𐙂,[],[],0.0000
HTWa1492,694,1,1,𐙂,[],[],0.0000
HTWa1493,695,1,1,𐙂,[],[],0.0000
HTWa1494,696,1,1,𐙂,[],[],0.0000
HTWa1495,697,1,1,𐙂,[],[],0.0000
HTWa1496,698,1,1,𐙂,[],[],0.0000
HTWa1497,699,1,1,𐙂,[],[],0.0000
HTWa1498,700,1,1,𐙂,[],[],0.0000
HTWa1499,701,1,1,𐙂,[],[],0.0000
HTWa1500,702,1,1,𐙂,[],[],0.0000
HTWa1501,703,1,1,𐙂,[],[],0.0000
HTWa1502,704,1,1,𐙂,[],[],0.0000
HTWa1503,705,1,1,𐙂,[],[],0.0000
HTWa1504,706,1,1,𐙂,[],[],0.0000
HTWa1505,707,1,1,𐙂,[],[],0.0000
HTWa1506,708,1,1,𐙂,[],[],0.0000
HTWa1507,709,1,1,𐙂,[],[],0.0000
HTWa1508,710,1,1,𐙂,[],[],0.0000
HTWa1509,711,1,1,𐙂,[],[],0.0000
HTWa1510,712,1,1,𐙂,[],[],0.0000
HTWa1511,713,1,1,𐙂,[],[],0.0000
HTWa1512,714,1,1,𐙂,[],[],0.0000
HTWa1513,715,1,1,𐙂,[],[],0.0000
HTWa1514,716,1,1,𐙂,[],[],0.0000
HTWa1515,717,1,1,𐙂,[],[],0.0000
HTWa1516,718,1,1,𐙂,[],[],0.0000
HTWa1517,719,1,1,𐙂,[],[],0.0000
HTWa1518,720,1,1,𐙂,[],[],0.0000
HTWa1519,721,1,1,𐙂,[],[],0.0000
HTWa1520,722,1,1,𐙂,[],[],0.0000
HTWa1521,723,1,1,𐙂,[],[],0.0000
HTWa1522,724,1,1,𐙂,[],[],0.0000
HTWa1523,725,1,1,𐙂,[],[],0.0000
HTWa1524,726,1,1,𐙂,[],[],0.0000
HTWa1525,727,1,1,𐙂,[],[],0.0000
HTWa1526,728,1,1,𐙂,[],[],0.0000
HTWa1527,729,1,1,𐙂,[],[],0.0000
HTWa1528,730,1,1,𐙂,[],[],0.0000
HTWa1529,731,1,1,𐙂,[],[],0.0000
HTWa1530,732,1,1,𐙂,[],[],0.0000
HTWa1531,733,1,1,𐙂,[],[],0.0000
HTWa1532,734,1,1,𐙂,[],[],0.0000
HTWa1533,735,1,1,𐙂,[],[],0.0000
HTWa1534,736,1,1,𐙂,[],[],0.0000
HTWa1535,737,1,1,𐙂,[],[],0.0000
HTWa1536,738,1,1,𐙂,[],[],0.0000
HTWa1537,739,1,1,𐙂,[],[],0.0000
HTWa1538,740,1,1,𐙂,[],[],0.0000
HTWa1539,741,1,1,𐙂,[],[],0.0000
HTWa1540,742,1,1,𐙂,[],[],0.0000
HTWa1541,743,1,1,𐙂,[],[],0.0000
HTWa1542,744,1,1,𐙂,[],[],0.0000
HTWa1543,745,1,1,𐙂,[],[],0.0000
HTWa1544,746,1,1,𐙂,[],[],0.0000
HTWa1545,747,1,1,𐙂,[],[],0.0000
HTWa1546,748,1,1,𐙂,[],[],0.0000
HTWa1547,749,1,1,𐙂,[],[],0.0000
HTWa1548,750,1,1,𐙂,[],[],0.0000
HTWa1549,751,1,1,𐙂,[],[],0.0000
HTWa1550,752,1,1,𐙂,[],[],0.0000
HTWa1551,753,1,1,𐙂,[],[],0.0000
HTWa1552,754,1,1,𐙂,[],[],0.0000
HTWa1553,755,1,1,𐙂,[],[],0.0000
HTWa1554,756,1,1,𐙂,[],[],0.0000
HTWa1555,757,1,1,𐙂,[],[],0.0000
HTWa1556,758,1,1,𐙂,[],[],0.0000
HTWa1557,759,1,1,𐙂,[],[],0.0000
HTWa1558,760,1,1,𐙂,[],[],0.0000
HTWa1559,761,1,1,𐙂,[],[],0.0000
HTWa1560,762,1,1,𐙂,[],[],0.0000
HTWa1561,763,1,1,𐙂,[],[],0.0000
HTWa1562,764,1,1,𐙂,[],[],0.0000
HTWa1563,765,1,1,𐙂,[],[],0.0000
HTWa1564,766,1,1,𐙂,[],[],0.0000
HTWa1565,767,1,1,𐙂,[],[],0.0000
HTWa1566,768,1,1,𐙂,[],[],0.0000
HTWa1567,769,1,1,𐙂,[],[],0.0000
HTWa1568,770,1,1,𐙂,[],[],0.0000
HTWa1569,771,1,1,𐙂,[],[],0.0000
HTWa1570,772,1,1,𐙂,[],[],0.0000
HTWa1571,773,1,1,𐙂,[],[],0.0000
HTWa1572,774,1,1,𐙂,[],[],0.0000
HTWa1573,775,1,1,𐙂,[],[],0.0000
HTWa1574,776,1,1,𐙂,[],[],0.0000
HTWa1575,777,1,1,𐙂,[],[],0.0000
HTWa1576,778,1,1,𐙂,[],[],0.0000
HTWa1577,779,1,1,𐙂,[],[],0.0000
HTWa1578,780,1,1,𐙂,[],[],0.0000
HTWa1579,781,1,1,𐙂,[],[],0.0000
HTWa1580,782,1,1,𐙂,[],[],0.0000
HTWa1581,783,1,1,𐙂,[],[],0.0000
HTWa1582,784,1,1,𐙂,[],[],0.0000
HTWa1583,785,1,1,𐙂,[],[],0.0000
HTWa1584,786,1,1,𐙂,[],[],0.0000
HTWa1585,787,1,1,𐙂,[],[],0.0000
HTWa1586,788,1,1,𐙂,[],[],0.0000
HTWa1587,789,1,1,𐙂,[],[],0.0000
HTWa1588,790,1,1,𐙂,[],[],0.0000
HTWa1589,791,1,1,𐙂,[],[],0.0000
HTWa1590,792,1,1,𐙂,[],[],0.0000
HTWa1591,793,1,1,𐙂,[],[],0.0000
HTWa1592,794,1,1,𐙂,[],[],0.0000
HTWa1593,795,1,1,𐙂,[],[],0.0000
HTWa1594,796,1,1,𐙂,[],[],0.0000
HTWa1595,797,1,1,𐙂,[],[],0.0000
HTWa1596,798,1,1,𐙂,[],[],0.0000
HTWa1597,799,1,1,𐙂,[],[],0.0000
HTWa1598,800,1,1,𐙂,[],[],0.0000
HTWa1599,801,1,1,𐙂,[],[],0.0000
HTWa1600,802,1,1,𐙂,[],[],0.0000
HTWa1601,803,1,1,𐙂,[],[],0.0000
HTWa1602,804,1,1,𐙂,[],[],0.0000
HTWa1603,805,1,1,𐙂,[],[],0.0000
HTWa1604,806,1,1,𐙂,[],[],0.0000
HTWa1605,807,1,1,𐙂,[],[],0.0000
HTWa1606,808,1,1,𐙂,[],[],0.0000
HTWa1607,809,1,1,𐙂,[],[],0.0000
HTWa1608,810,1,1,𐙂,[],[],0.0000
HTWa1609,811,1,1,𐙂,[],[],0.0000
HTWa1610,812,1,1,𐙂,[],[],0.0000
HTWa1611,813,1,1,𐙂,[],[],0.0000
HTWa1612,814,1,1,𐙂,[],[],0.0000
HTWa1613,815,1,1,𐙂,[],[],0.0000
HTWa1614,816,1,1,𐙂,[],[],0.0000
HTWa1615,817,1,1,𐙂,[],[],0.0000
HTWa1616,818,1,1,𐙂,[],[],0.0000
HTWa1618,819,1,1,𐙂,[],[],0.0000
HTWa1619,820,1,1,𐙂,[],[],0.0000
HTWa1620,821,1,1,𐙂,[],[],0.0000
HTWa1621,822,1,1,𐙂,[],[],0.0000
HTWa1622,823,1,1,𐙂,[],[],0.0000
HTWa1623,824,1,1,𐙕,[],[],0.0000
HTWa1624,825,1,1,𐙕,[],[],0.0000
HTWa1625,826,1,1,𐙕,[],[],0.0000
HTWa1626,827,1,1,𐙕,[],[],0.0000
HTWa1627,828,1,1,𐙕,[],[],0.0000
HTWa1628,829,1,1,𐙕,[],[],0.0000
HTWa1629,830,1,1,𐙕,[],[],0.0000
HTWa1630,831,1,1,𐙕,[],[],0.0000
HTWa1631,832,1,1,𐙕,[],[],0.0000
HTWa1632,833,1,1,𐙕,[],[],0.0000
HTWa1633,834,1,1,𐙕,[],[],0.0000
HTWa1634,835,1,1,𐙕,[],[],0.0000
HTWa1635,836,1,1,𐙕,[],[],0.0000
HTWa1636,837,1,1,𐙕,[],[],0.0000
HTWa1637,838,1,1,𐙕,[],[],0.0000
HTWa1638,839,1,1,𐙕,[],[],0.0000
HTWa1639,840,1,1,𐙕,[],[],0.0000
HTWa1640,841,1,1,𐙕,[],[],0.0000
HTWa1641,842,1,1,𐙕,[],[],0.0000
HTWa1642,843,1,1,𐙕,[],[],0.0000
HTWa1643,844,1,1,𐙕,[],[],0.0000
HTWa1644,845,1,1,𐙕,[],[],0.0000
HTWa1645,846,1,1,𐙕,[],[],0.0000
HTWa1646,847,1,1,𐙕,[],[],0.0000
HTWa1647,848,1,1,𐙕,[],[],0.0000
HTWa1648,849,1,1,𐙕,[],[],0.0000
HTWa1649,850,1,1,𐙕,[],[],0.0000
HTWa1650,851,1,1,𐙕,[],[],0.0000
HTWa1651,852,1,1,𐙕,[],[],0.0000
HTWa1652,853,1,1,𐙕,[],[],0.0000
HTWa1653,854,1,1,𐙕,[],[],0.0000
HTWa1654,855,1,1,𐙕,[],[],0.0000
HTWa1655,856,1,1,𐙕,[],[],0.0000
HTWa1656,857,1,1,𐙕,[],[],0.0000
HTWa1657,858,1,1,𐙕,[],[],0.0000
HTWa1658,859,1,1,𐙕,[],[],0.0000
HTWa1659,860,1,1,𐙕,[],[],0.0000
HTWa1660,861,1,1,𐙕,[],[],0.0000
HTWa1661,862,1,1,𐙕,[],[],0.0000
HTWa1662,863,1,1,𐙕,[],[],0.0000
HTWa1664,864,1,1,𐙕,[],[],0.0000
HTWa1665,865,1,1,𐙕,[],[],0.0000
HTWa1666,866,1,1,𐙕,[],[],0.0000
HTWa1667,867,1,1,𐙕,[],[],0.0000
HTWa1668,868,1,1,𐙕,[],[],0.0000
HTWa1669,869,1,1,𐙕,[],[],0.0000
HTWa1670,870,1,1,𐙕,[],[],0.0000
HTWa1671,871,1,1,𐙕,[],[],0.0000
HTWa1672,872,1,1,𐙕,[],[],0.0000
HTWa1673,873,1,1,𐙕,[],[],0.0000
HTWa1674,874,1,1,𐙕,[],[],0.0000
HTWa1675,875,1,1,𐙕,[],[],0.0000
HTWa1676,876,1,1,𐙕,[],[],0.0000
HTWa1677,877,1,1,𐙕,[],[],0.0000
HTWa1678,878,1,1,𐙕,[],[],0.0000
HTWa1679,879,1,1,𐙕,[],[],0.0000
HTWa1680,880,1,1,𐙕,[],[],0.0000
HTWa1681,881,1,1,𐙕,[],[],0.0000
HTWa1682,882,1,1,𐙕,[],[],0.0000
HTWa1683,883,1,1,𐙕,[],[],0.0000
HTWa1684,884,1,1,𐙕,[],[],0.0000
HTWa1685,885,1,1,𐙕,[],[],0.0000
HTWa1686,886,1,1,𐙕,[],[],0.0000
HTWa1687,887,1,1,𐙕,[],[],0.0000
HTWa1688,888,1,1,𐙕,[],[],0.0000
HTWa1689,889,1,1,𐙕,[],[],0.0000
HTWa1690,890,1,1,𐙕,[],[],0.0000
HTWa1691,891,1,1,𐙕,[],[],0.0000
HTWa1692,892,1,1,𐙕,[],[],0.0000
HTWa1693,893,1,1,𐙕,[],[],0.0000
HTWa1694,894,1,1,𐙕,[],[],0.0000
HTWa1695,895,1,1,𐙕,[],[],0.0000
HTWa1696,896,1,1,𐙕,[],[],0.0000
HTWa1697,897,1,1,𐙕,[],[],0.0000
HTWa1698,898,1,1,𐙕,[],[],0.0000
HTWa1699,899,1,1,𐙕,[],[],0.0000
HTWa1700,900,1,1,𐙕,[],[],0.0000
HTWa1701,901,1,1,𐙕,[],[],0.0000
HTWa1702,902,1,1,𐙕,[],[],0.0000
HTWa1703,903,1,1,𐙕,[],[],0.0000
HTWa1704,904,1,1,𐙕,[],[],0.0000
HTWa1705,905,1,1,𐙕,[],[],0.0000
HTWa1706,906,1,1,𐙕,[],[],0.0000
HTWa1707,907,1,1,𐙕,[],[],0.0000
HTWa1708,908,1,1,𐙕,[],[],0.0000
HTWa1709,909,1,1,𐙕,[],[],0.0000
HTWa1710,910,1,1,𐙕,[],[],0.0000
HTWa1711,911,1,1,𐙕,[],[],0.0000
HTWa1712,912,1,1,𐙕,[],[],0.0000
HTWa1713,913,1,1,𐙕,[],[],0.0000
HTWa1714,914,1,1,𐙕,[],[],0.0000
HTWa1715,915,1,1,𐙕,[],[],0.0000
HTWa1716,916,1,1,𐙕,[],[],0.0000
HTWa1717,917,1,1,𐙕,[],[],0.0000
HTWa1718,918,1,1,𐙕,[],[],0.0000
HTWa1719,919,1,1,𐙕,[],[],0.0000
HTWa1720,920,1,1,𐙕,[],[],0.0000
HTWa1721,921,1,1,𐙕,[],[],0.0000
HTWa1722,922,1,1,𐙕,[],[],0.0000
HTWa1723,923,1,1,𐙕,[],[],0.0000
HTWa1724,924,1,1,𐙕,[],[],0.0000
HTWa1725,925,1,1,𐙕,[],[],0.0000
HTWa1726,926,1,1,𐙕,[],[],0.0000
HTWa1727,927,1,1,𐙕,[],[],0.0000
HTWa1728,928,1,1,𐙕,[],[],0.0000
HTWa1729,929,1,1,𐙕,[],[],0.0000
HTWa1730,930,1,1,𐙕,[],[],0.0000
HTWa1731,931,1,1,𐙕,[],[],0.0000
HTWa1732,932,1,1,𐙕,[],[],0.0000
HTWa1733,933,1,1,𐙕,[],[],0.0000
HTWa1734,934,1,1,𐙕,[],[],0.0000
HTWa1735,935,1,1,𐙕,[],[],0.0000
HTWa1736,936,1,1,𐙕,[],[],0.0000
HTWa1737,937,1,1,𐙕,[],[],0.0000
HTWa1738,938,1,1,𐙕,[],[],0.0000
HTWa1739,939,1,1,𐙕,[],[],0.0000
HTWa1740,940,1,1,𐙕,[],[],0.0000
HTWa1741,941,1,1,𐙕,[],[],0.0000
HTWa1742,942,1,1,𐙕,[],[],0.0000
HTWa1743,943,1,1,𐙕,[],[],0.0000
HTWa1744,944,1,1,𐙕,[],[],0.0000
HTWa1745,945,1,1,𐙕,[],[],0.0000
HTWa1746,946,1,1,𐙕,[],[],0.0000
HTWa1747,947,1,1,𐙕,[],[],0.0000
HTWa1748,948,1,1,𐙕,[],[],0.0000
HTWa1749,949,1,1,𐙕,[],[],0.0000
HTWa1750,950,1,1,𐙕,[],[],0.0000
HTWa1751,951,1,1,𐙕,[],[],0.0000
HTWa1752,952,1,1,𐙕,[],[],0.0000
HTWa1753,953,1,1,𐙕,[],[],0.0000
HTWa1754,954,1,1,𐙕,[],[],0.0000
HTWa1755,955,1,1,𐙕,[],[],0.0000
HTWa1756,956,1,1,𐙕,[],[],0.0000
HTWa1757,957,1,1,𐙕,[],[],0.0000
HTWa1758,958,1,1,𐙕,[],[],0.0000
HTWa1759,959,1,1,𐙕,[],[],0.0000
HTWa1760,960,1,1,𐙕,[],[],0.0000
HTWa1761,961,1,1,𐙕,[],[],0.0000
HTWa1762,962,1,1,𐙕,[],[],0.0000
HTWa1763,963,1,1,𐙕,[],[],0.0000
HTWa1764,964,1,1,𐙕,[],[],0.0000
HTWa1765,965,1,1,𐙕,[],[],0.0000
HTWa1766,966,1,1,𐙕,[],[],0.0000
HTWa1767,967,1,1,𐙕,[],[],0.0000
HTWa1768,968,1,1,𐙕,[],[],0.0000
HTWa1769,969,1,1,𐙕,[],[],0.0000
HTWa1770,970,1,1,𐙕,[],[],0.0000
HTWa1771,971,1,1,𐙕,[],[],0.0000
HTWa1772,972,1,1,𐙕,[],[],0.0000
HTWa1773,973,1,1,𐙕,[],[],0.0000
HTWa1774,974,1,1,𐙕,[],[],0.0000
HTWa1775,975,1,1,𐙕,[],[],0.0000
HTWa1776,976,1,1,𐙕,[],[],0.0000
HTWa1777,977,1,1,𐙕,[],[],0.0000
HTWa1778,978,1,1,𐙕,[],[],0.0000
HTWa1779,979,1,1,𐙕,[],[],0.0000
HTWa1780,980,1,1,𐙕,[],[],0.0000
HTWa1781,981,1,1,𐙕,[],[],0.0000
HTWa1782,982,1,1,𐙕,[],[],0.0000
HTWa1783,983,1,1,𐙕,[],[],0.0000
HTWa1784,984,1,1,𐙕,[],[],0.0000
HTWa1785,985,1,1,𐙕,[],[],0.0000
HTWa1786,986,1,1,𐙕,[],[],0.0000
HTWa1787,987,1,1,𐙕,[],[],0.0000
HTWa1788,988,1,1,𐙕,[],[],0.0000
HTWa1789,989,1,1,𐙕,[],[],0.0000
HTWa1790,990,1,1,𐙕,[],[],0.0000
HTWa1791,991,1,1,𐙕,[],[],0.0000
HTWa1792,992,1,1,𐙕,[],[],0.0000
HTWa1793,993,1,1,𐙕,[],[],0.0000
HTWa1794,994,1,1,𐙕,[],[],0.0000
HTWa1795,995,1,1,𐙕,[],[],0.0000
HTWa1796,996,1,1,𐙕,[],[],0.0000
HTWa1797,997,1,1,𐙕,[],[],0.0000
HTWa1798,998,1,1,𐙕,[],[],0.0000
HTWa1799,999,1,1,𐙕,[],[],0.0000
HTWa1800,1000,1,1,𐙕,[],[],0.0000
HTWa1801,1001,1,1,𐙕,[],[],0.0000
HTWa1802,1002,1,1,𐙕,[],[],0.0000
HTWa1803,1003,1,1,𐙕,[],[],0.0000
HTWa1804,1004,1,1,𐙕,[],[],0.0000
HTWa1805,1005,1,1,𐙕,[],[],0.0000
HTWa1806,1006,1,1,𐙕,[],[],0.0000
HTWa1807,1007,1,1,𐙕,[],[],0.0000
HTWa1808,1008,1,1,𐙕,[],[],0.0000
HTWa1809,1009,1,1,𐙕,[],[],0.0000
HTWa1810,1010,1,1,𐙕,[],[],0.0000
HTWa1811,1011,1,1,𐙕,[],[],0.0000
HTWa1812,1012,1,1,𐙕,[],[],0.0000
HTWa1813,1013,1,1,𐙕,[],[],0.0000
HTWa1814,1014,1,1,𐙕,[],[],0.0000
HTWa1815,1015,1,1,𐙕,[],[],0.0000
HTWa1816,1016,1,1,𐙕,[],[],0.0000
HTWa1817,1017,1,1,𐙕,[],[],0.0000
HTWa1818,1018,1,1,𐙕,[],[],0.0000
HTWa1819,1019,1,1,𐙕,[],[],0.0000
HTWa1820,1020,1,1,𐙕,[],[],0.0000
HTWa1821,1021,1,1,𐙕,[],[],0.0000
HTWa1822,1022,1,1,𐙕,[],[],0.0000
HTWa1823,1023,1,1,𐙕,[],[],0.0000
HTWa1824,1024,1,1,𐙕,[],[],0.0000
HTWa1825,1025,1,1,𐙕,[],[],0.0000
HTWa1826,1026,1,1,𐙕,[],[],0.0000
HTWa1827,1027,1,1,𐙕,[],[],0.0000
HTWa1828,1028,1,1,𐙕,[],[],0.0000
HTWa1829,1029,1,1,𐙕,[],[],0.0000
HTWa1830,1030,1,1,𐙕,[],[],0.0000
HTWa1831,1031,1,1,𐙕,[],[],0.0000
HTWa1832,1032,1,1,𐙕,[],[],0.0000
HTWa1833,1033,1,1,𐙕,[],[],0.0000
HTWa1834,1034,1,1,𐙕,[],[],0.0000
HTWa1835,1035,1,1,𐙕,[],[],0.0000
HTWa1836,1036,1,1,𐙕,[],[],0.0000
HTWa1837,1037,1,1,𐙕,[],[],0.0000
HTWa1838,1038,1,1,𐙕,[],[],0.0000
HTWa1839,1039,1,1,𐙕,[],[],0.0000
HTWa1840,1040,1,1,𐙕,[],[],0.0000
HTWa1841,1041,1,1,𐙕,[],[],0.0000
HTWa1842,1042,1,1,𐙕,[],[],0.0000
HTWa1843,1043,1,1,𐙕,[],[],0.0000
HTWa1844,1044,1,1,𐙕,[],[],0.0000
HTWa1845+1733,1045,1,1,𐙕,[],[],0.0000
HTWa1846,1046,1,1,𐙕,[],[],0.0000
HTWa1847,1047,1,1,𐙕,[],[],0.0000
HTWa1848,1048,1,1,𐙕,[],[],0.0000
HTWa1849,1049,1,1,𐚙,[],[],0.0000
HTWa1850,1050,1,1,𐚚,[],[],0.0000
HTWa1851,1051,1,1,𐚛,[],[],0.0000
HTWa1852,1052,1,1,𐚜,[],[],0.0000
HTWa1853,1053,1,1,𐚝,[],[],0.0000
HTWa1854,1054,1,1,𐚞,[],[],0.0000
HTWa1855,1055,1,1,𐝫,[],[],0.0000
HTWa1856,1056,1,1,𐝫,[],[],0.0000
HTWa1857,1057,1,1,𐝫,[],[],0.0000
HTWa1858,1058,1,1,𐝫,[],[],0.0000
HTWa1859,1059,1,1,𐝫,[],[],0.0000
HTWa1860,1060,1,1,𐝫,[],[],0.0000
HTWa1861,1061,1,1,𐝫,[],[],0.0000
HTWb2001,1063,1,1,𐘁,[],[],0.0000
HTWb2002,1064,1,1,𐘁,[],[],0.0000
HTWb229,1062,2,1,𐙓𐜙,[],[],0.0000
HTWc3001,1065,4,1,𐘂𐘈𐘱𐝆,[],[],0.0000
HTWc3002,1066,3,1,𐘂𐘈𐘱,[],[],0.0000
HTWc3003,1067,3,1,𐘾𐘙𐘁,[],[],0.0000
HTWc3004,1068,4,1,𐘳𐘝𐘾𐘈,[],[],0.0000
HTWc3005,1069,4,1,𐘳𐘝𐘾𐘈,[],[],0.0000
HTWc3006,1070,6,1,𐘮𐘵𐘻𐘴𐙦𐘴,[],[],0.0000
HTWc3007,1071,3,1,𐘮𐘆𐘝,[],[],0.0000
HTWc3008,1072,7,1,𐘮𐘆𐘝𐘘𐘱𐘳𐘆,[],[],0.0000
HTWc3009,1073,5,1,𐙹𐘆𐘲𐘾𐙓,[],[],0.0000
HTWc3010,1074,5,1,𐙹𐘆𐘅𐘲𐘾,[],[],0.0000
HTWc3011,1075,3,1,𐙀𐘆𐘴,[],[],0.0000
HTWc3012,1076,5,1,𐙀𐘆𐘴𐘙𐘁,[],[],0.0000
HTWc3013,1077,1,1,𐙓,[],[],0.0000
HTWc3014,1078,6,2,𐙂𐘻𐘅𐘿𐄁 | 𐘒,[4],[4],1.0000
HTWc3015,1079,4,1,𐘾𐙂𐘂𐙗,[],[],0.0000
HTWc3016,1080,5,1,𐘾𐙂𐘂𐜝𐜙,[],[],0.0000
HTWc3017,1081,9,3,𐘌𐙂𐘙𐄁 | 𐘆𐙚𐄁 | 𐜙𐜝,"[3, 6]","[3, 6]",1.0000
HTWc3019,1083,2,1,𐘮𐝃,[],[],0.0000
HTWc3021,1084,1,1,𐝫,[],[],0.0000
HTWc3022(?),1085,1,1,𐙇,[],[],0.0000
HTWc3024,1087,5,1,𐘇𐘴𐘹𐘋𐘓,[],[],0.0000
HTWc<3018>,1082,2,1,𐘾𐜙,[],[],0.0000
HTWd1617,1088,1,1,𐙂,[],[],0.0000
HTWd1663,1089,1,1,𐙕,[],[],0.0000
HTWeWc3020,1090,4,1,𐙓𐘬𐜝𐜙,[],[],0.0000
HTZb158a,1091,6,2,𐄁 | 𐝫𐘹𐘈𐘲𐘸,[0],[0],1.0000
HTZb158b,1092,6,2,𐘲𐘸𐘭𐘃 | 𐘚𐘱,[],[3],0.7500
HTZb159,1093,7,1,𐘇𐘅𐘯𐘤𐘱𐘈𐝫,[],[],0.0000
HTZb160,1094,7,1,𐘂𐘳𐘀𐘬𐘜𐘙𐝫,[],[],0.0000
HTZb161,1095,4,1,𐝫𐘤𐘫𐝫,[],[],0.0000
HTZb162,1096,4,1,𐘆𐄉𐘠𐘬,[],[],0.0000
HTZb162bis,1097,1,1,𐘀,[],[],0.0000
HTZd155,1098,9,2,𐘇𐘶𐄁 | 𐘅𐙁𐙁𐘠𐘠𐙫,[2],[2],1.0000
HTZd157+156,1099,22,1,𐘣𐘱𐘲𐙁𐘠𐘠𐙫𐄇𐙫𐄇𐝆𐙫𐄈𐝃𐙫𐄉𐝃𐝄𐘳𐘱𐝇𐝫,[],[],0.0000
HTZf(HM767),1705,2,1,𐘠𐙁,[],[],0.0000
HTZf163,1100,1,1,𐘀,[],[],0.0000
HTZf164,1101,1,1,𐘀,[],[],0.0000
HTZf165,1102,1,1,𐘚,[],[],0.0000
HTZf166,1103,1,1,𐙯,[],[],0.0000
HTZf167,1104,1,1,𐙜,[],[],0.0000
HTZf168,1105,2,1,𐘗𐘀,[],[],0.0000
HTZf169,1106,1,1,𐝫,[],[],0.0000
HTZg163,1107,1,1,𐝄,[],[],0.0000
INZb1,1703,2,1,𐘯𐘁,[],[],0.0000
IOZa11,1118,19,4,𐝫𐘅𐝫𐄁 | 𐝫𐘀𐘀𐝫𐄁 | 𐝫𐘉𐘠𐘯𐄁 | 𐘚𐘅𐘚𐘀𐝫,"[3, 8, 13]","[3, 8, 13]",1.0000
IOZa12,1119,11,4,𐄁 | 𐄁 | 𐘱𐘞𐘞𐘴𐘋𐄁 | 𐘚𐘠𐝫,"[0, 1, 7]","[0, 1, 7]",1.0000
IOZa13,1120,5,2,𐄁 | 𐝫𐙁𐘚𐝫,[0],[0],1.0000
IOZa14,1121,8,2,𐘤𐝫𐘘𐘃𐄁 | 𐘚𐘆𐝫,[4],[4],1.0000
IOZa15,1122,10,2,𐝫𐘚𐘢𐘅𐙁𐄁 | 𐘤𐘘𐝫𐘃,[5],[5],1.0000
IOZa16,1123,16,3,𐝫𐙌𐄁 | 𐘱𐘞𐘞𐘴𐘋𐄁 | 𐘉𐘅𐘘𐘾𐝫𐘅𐘤,"[2, 8]","[2, 8]",1.0000
IOZa2,1109,48,8,𐘇𐘳𐘚𐙕𐘮𐘱𐄁 | 𐘱𐘆𐘸𐘹𐄁 | 𐘱𐘞𐘞𐘴𐝫𐘋𐄁 | 𐘉𐘅𐘾𐘅𐝫𐘤𐝫𐄁 | 𐝫𐘚𐘢𐘅𐙁𐄁 | 𐘤𐘘𐘃𐄁 | 𐘳𐘅𐘴𐘃𐘉𐘠𐘯𐄁 | 𐘚𐝫𐄁,"[6, 11, 18, 26, 32, 36, 44, 47]","[6, 11, 18, 26, 32, 36, 44, 47]",1.0000
IOZa3,1110,10,3,𐄁 | 𐘇𐘳𐘚𐙕𐘮𐘱𐄁 | 𐙄𐝫,"[0, 7]","[0, 7]",1.0000
IOZa4,1111,4,1,𐝫𐙕𐘮𐝫,[],[],0.0000
IOZa5,1112,11,2,𐝫𐘚𐘱𐘙𐘆𐘱𐄁 | 𐘚𐘱𐘂𐝫,[6],[6],1.0000
IOZa6,1113,23,3,𐘳𐘅𐘚𐙕𐘉𐘠𐘯𐄁 | 𐘚𐘅𐘳𐘚𐙀𐘆𐘤𐘾𐄁 | 𐘱𐘞𐘞𐘴𐘋𐄁,"[7, 16, 22]","[7, 16, 22]",1.0000
IOZa7,1114,11,2,𐘇𐘳𐘚𐙕𐘮𐘱𐄁 | 𐘱𐘠𐙭𐝫,[6],[6],1.0000
IOZa8,1115,8,2,𐝫𐘇𐘅 | 𐘠𐙕𐘮𐘱𐝫,[],[2],0.7500
IOZa9,1116,13,2,𐘱𐘞𐘞𐝫𐘴𐘋𐄁 | 𐘉𐘅𐘾𐝫𐘅𐘤,[6],[6],1.0000
IOZa<1>,1108,3,1,𐘇𐘧𐘞,[],[],0.0000
IOZb10,1117,6,1,𐝫𐘇𐘞𐘞𐘴𐘋,[],[],0.0000
KAMZb1,1125,4,2,𐘯𐘁𐄁 | 𐄁,"[2, 3]","[2, 3]",1.0000
KANZa1,1126,7,2,𐘇𐝫𐄁 | 𐝫𐘚𐝫𐝫,[2],[2],1.0000
KAZf1,1124,3,1,𐘹𐘯𐄁,[2],[2],1.0000
KE1,1127,5,2,𐘾 | 𐘞𐝫𐝫𐝫,[],[0],0.7500
KEWc2,1128,3,1,𐝂𐝁𐝁,[],[],0.0000
KEZb3,1129,1,1,𐘸,[],[],0.0000
KEZb4,1130,4,2,𐄁 | 𐘱𐘤𐘡,[0],[0],1.0000
KEZb5,1131,1,1,𐜀,[],[],0.0000
KEZb6,1132,3,1,𐝫𐘜𐝫,[],[],0.0000
KEZb7,1133,3,1,𐝫𐘢𐝫,[],[],0.0000
KH1,1134,11,2,𐝫𐘧𐄁 | 𐛵𐄖𐝫𐄉𐝆𐘝𐝫𐝫,[2],[2],1.0000
KH10,1144,21,3,𐝫𐝫𐄈𐝫𐝆𐙉𐄐𐘚𐘂𐘞𐘱𐄁 | 𐘌𐙈𐘇𐘸𐘢𐘡 | 𐘃𐙉𐄘,[11],"[11, 17]",0.8750
KH100,1232,12,2,𐚌𐙚𐝫 | 𐝫𐘁𐙍𐝫𐝫𐘥𐝃𐝫𐝫,[],[2],0.7500
KH101,1697,7,1,𐝫𐄒𐄈𐙗𐝫𐝕𐝫,[],[],0.0000
KH102,1690,2,1,𐘇𐘻,[],[],0.0000
KH103,1698,18,1,𐙖𐄐𐄇𐝫𐙖𐘱𐝫𐄇𐙖𐘳𐄎𐝫𐘝𐙗𐄑𐄉𐝫𐙍,[],[],0.0000
KH104,1712,6,1,𐙉𐝆𐝫𐘀𐘙𐙉,[],[],0.0000
KH105,1713,3,1,𐘦𐘸𐘠,[],[],0.0000
KH11,1145,45,2,𐘇𐘬𐝫𐄁 | 𐝫𐘍𐙗𐝇𐘲𐄉𐜚𐝇𐝉𐙍𐝀𐙚𐄊𐙗𐝁𐚈𐙗𐝇𐝉𐘇𐘄𐚉𐘄𐘚𐜚𐄉𐘝𐄇𐙍𐄉𐘇𐘳𐚊𐙕𐄇𐙚𐄇𐘤𐙗𐝇𐝉,[3],[3],1.0000
KH12,1146,27,1,𐝫𐙗𐝫𐄈𐙜𐝆𐛚𐝆𐝫𐝁𐙻𐝫𐝫𐝁𐛀𐝫𐝇𐜫𐝂𐜩𐝍𐝫𐝫𐜩𐝍𐝫𐝫,[],[],0.0000
KH13,1147,27,1,𐝫𐝫𐄈𐝆𐝫𐝫𐘇𐘈𐘙𐘍𐝫𐝫𐝃𐝉𐙘𐝫𐙗𐝁𐝫𐝫𐝫𐘀𐘚𐝫𐝫𐄉𐝫,[],[],0.0000
KH14,1148,27,3,𐝫𐘴𐄁 | 𐘇𐙁𐘱𐄁 | 𐙗𐄌𐝫𐝫𐙗𐝃𐙼𐄈𐙗𐝇𐝫𐝫𐘝𐝃𐛨𐄈𐝫𐙗𐝫𐝫,"[2, 6]","[2, 6]",1.0000
KH15,1149,9,1,𐝫𐙗𐝫𐝆𐘝𐝆𐝫𐘝𐝃,[],[],0.0000
KH16,1150,19,1,𐝫𐄑𐄈𐙗𐝇𐝉𐝫𐝫𐘉𐘳𐘚𐘤𐜙𐝫𐝫𐝆𐘳𐝫𐝫,[],[],0.0000
KH17,1151,14,1,𐝫𐝫𐝫𐄊𐝆𐝁𐘝𐝫𐝫𐘝𐄇𐘇𐝫𐝫,[],[],0.0000
KH18,1152,23,1,𐝫𐝫𐜨𐝫𐄋𐘚𐙂𐘢𐝫𐝫𐙏𐄇𐙂𐄑𐄈𐘤𐝫𐝫𐚵𐙏𐄇𐚶𐝫,[],[],0.0000
KH19,1153,11,1,𐝫𐙚𐛨𐄐𐄉𐝫𐝫𐄈𐜐𐝁𐝫,[],[],0.0000
KH2,1135,12,1,𐝫𐝫𐄑𐘹𐝫𐙗𐝫𐝃𐙚𐜚𐝫𐝫,[],[],0.0000
KH20,1154,20,4,𐝫𐝫 | 𐘇𐘤𐘸𐘴𐄁 | 𐜚𐝫𐝫𐝁𐝫𐘬𐘙𐘍𐄁 | 𐜚𐝆𐘝𐝃,"[6, 15]","[1, 6, 15]",0.9167
KH21,1155,13,1,𐝫𐝫𐙗𐝍𐝫𐝂𐘝𐄈𐝫𐙚𐘿𐘬𐝫,[],[],0.0000
KH22,1156,13,2,𐝫𐘍𐄁 | 𐘲𐄍𐜚𐝫𐝫𐘤𐄊𐙗𐝫𐝫,[2],[2],1.0000
KH23,1157,7,1,𐘇𐘬𐝫𐝫𐙗𐝫𐝫,[],[],0.0000
KH24,1158,8,1,𐝫𐘲𐄐𐄈𐝫𐝫𐝉𐝫,[],[],0.0000
KH25,1159,10,1,𐝫𐙇𐄙𐄓𐝫𐝫𐙇𐄐𐝫𐝫,[],[],0.0000
KH26,1160,13,2,𐝫 | 𐝫𐙇𐄕𐝫𐝫𐘝𐄈𐝃𐝋𐝫𐝫𐝫,[],[0],0.7500
KH27,1161,8,1,𐝫𐝫𐘝𐝫𐝫𐛭𐄊𐝫,[],[],0.0000
KH28,1162,7,3,𐝫𐝫 | 𐝫𐘈𐄁 | 𐛵𐝫,[4],"[1, 4]",0.8750
KH29,1163,17,2,𐝫𐘴𐄁 | 𐘷𐝫𐝫𐄇𐙂𐘂𐝫𐝫𐄈𐙗𐝆𐝫𐝫𐝫,[2],[2],1.0000
KH3,1136,5,2,𐝫 | 𐝫𐘯𐄇—,[],[0],0.7500
KH30,1164,7,1,𐝫𐝫𐝉𐝫𐝫𐘝𐄏,[],[],0.0000
KH31,1165,11,1,𐝫𐝫𐜨—𐝫𐝆𐜪𐝫𐝫𐄇𐝫,[],[],0.0000
KH32,1166,7,1,𐘚𐙷𐝫𐝫𐄋𐝫𐝫,[],[],0.0000
KH33,1167,9,1,𐝫𐝫𐜙𐝫𐝫𐄇𐘇𐝫𐝫,[],[],0.0000
KH34,1168,7,1,𐝫𐜚𐄈𐘝𐝫𐝫𐝫,[],[],0.0000
KH35,1169,7,1,𐝫𐝫𐝫𐄇𐙗𐝫𐝫,[],[],0.0000
KH36,1170,10,2,𐝫𐘾𐄁 | 𐛚𐄊𐝫𐝫𐘅𐝫𐝫,[2],[2],1.0000
KH37,1171,6,1,𐜜𐄈𐘣𐝫𐜜𐝫,[],[],0.0000
KH38,1172,7,1,𐝫𐝫𐜙𐝆𐝫𐝫𐝫,[],[],0.0000
KH39,1173,7,1,𐘇𐘳𐝫𐝫𐜐𐝫𐝫,[],[],0.0000
KH4,1137,12,1,𐘇𐘬𐘙𐝫𐝫𐙚𐄊𐙗𐝁𐝫𐝫𐝫,[],[],0.0000
KH40,1174,6,1,𐝫𐝫𐘤𐘅𐝫𐝫,[],[],0.0000
KH41,1175,8,1,𐝫𐄉𐝫𐘾𐘳𐘙𐝫𐝫,[],[],0.0000
KH42,1176,5,1,𐝫𐝫𐜟𐝫𐝫,[],[],0.0000
KH43,1177,7,1,𐝫𐛢𐘙𐄈𐛇𐝫𐝫,[],[],0.0000
KH44,1178,6,1,𐝫𐝫𐝫𐙻𐝫𐝫,[],[],0.0000
KH45,1179,4,1,𐘇𐝫𐝫𐝫,[],[],0.0000
KH46,1180,7,1,𐝫𐝫𐝫𐝋𐙍𐝫𐝫,[],[],0.0000
KH47,1181,14,2,𐝫𐝫𐘌𐘗𐝫𐝫𐄌𐘤𐝫𐝫𐘴𐄁 | 𐙚𐝫,[11],[11],1.0000
KH49,1182,8,1,𐝫𐝫𐘘𐝫𐝫𐙂𐝫𐝫,[],[],0.0000
KH5,1138,38,5,𐘇𐘀𐘸𐘤𐘾𐄁 | 𐘇𐘴𐘉𐘀𐄁 | 𐘣𐘞𐘞𐘗𐜚𐄈𐜂𐄈𐘣𐘅𐘬𐄁 | 𐙕𐘅𐄁 | 𐙂𐘂𐙀𐙗𐝫𐄉𐝫𐝀𐘝𐄈𐝆𐝁,"[5, 10, 22, 25]","[5, 10, 22, 25]",1.0000
KH50,1183,13,3,𐝫 | 𐝫𐘳𐄈𐝫𐘧𐄈𐘿𐝫𐄁 | 𐄇——,[9],"[0, 9]",0.8750
KH51,1184,10,2,𐝫𐘤 | 𐘚𐘤𐄉𐝫𐄊𐘹𐝫𐝫,[],[1],0.7500
KH52,1185,7,2,𐝫𐝫 | 𐝫𐘳𐘉𐝫𐝫,[],[1],0.7500
KH53,1186,8,2,𐝫𐘇𐘋𐙌𐄁 | 𐘗𐝫𐝫,[4],[4],1.0000
KH54,1187,9,1,𐝫𐜚𐄇𐙉𐝫𐄇𐝫𐝫𐝫,[],[],0.0000
KH55,1188,10,1,𐝫𐝫𐜐𐝁𐝫𐄉𐝫𐘝𐝫𐝫,[],[],0.0000
KH56,1189,6,1,𐝫𐝕𐝉𐝫𐝫𐝫,[],[],0.0000
KH57,1190,14,1,𐝫𐝫𐘹𐝫𐝫𐘎𐄇𐝫𐝫𐙗𐝫𐝃𐝫𐝫,[],[],0.0000
KH58,1191,25,1,𐝫𐝫𐝫𐙗𐝫𐄊𐘝𐝫𐝫𐜚𐄇𐝃𐘇𐝫𐝫𐜚𐄊𐝫𐝫𐙗𐝫𐝆𐘇𐙕𐝫,[],[],0.0000
KH59,1192,11,1,𐝫𐝫𐄇𐝫𐘚𐄋𐝫𐘆𐘅𐄋𐝫,[],[],0.0000
KH6,1139,62,3,𐝫𐜙𐝆𐘆𐘤𐝫𐝫𐘃𐘯𐘙𐝫𐝫𐘸𐘞𐘗𐜙𐝆𐚇𐝫𐝫𐙗𐝫𐝆𐘭𐘳𐘧𐜙𐝫𐝫𐘑𐄇𐜙𐝆𐘕𐄇𐘂𐝫𐝫𐘙𐄁 | 𐙺𐄇𐜙𐝆𐘢𐘞𐝫𐝫𐜙𐝆𐙄𐘙𐘃𐄁 | 𐙚𐄇𐝫𐄎𐙗𐄈𐝆𐝁,"[39, 53]","[39, 53]",1.0000
KH60,1193,20,1,𐝫𐘴𐘸𐘳𐘅𐘤𐝫𐝫𐙏𐝍𐘷𐙗𐝫𐝫𐝂𐛚𐝂𐝫𐝫𐝫,[],[],0.0000
KH61,1194,20,1,𐝫𐝫𐄑𐝫𐝫𐄇𐙁𐝫𐝫𐝁𐜐𐝉𐝫𐝫𐙗𐝫𐄈𐙉𐄇𐝍,[],[],0.0000
KH62,1195,4,2,𐝫 | 𐝫𐙁𐝫,[],[0],0.7500
KH63,1196,10,1,𐝫𐝫𐘲𐄐𐝫𐝫𐜩𐝉𐝫𐝫,[],[],0.0000
KH64,1197,6,2,𐝫 | 𐝫𐘳𐝫𐝫𐝫,[],[0],0.7500
KH65,1198,5,1,𐝫𐝫𐘝𐝫𐝫,[],[],0.0000
KH66,1199,4,1,𐝫𐄒𐝫𐝫,[],[],0.0000
KH67,1200,6,1,𐝫𐝫𐝫𐄇𐝫𐝫,[],[],0.0000
KH68+71,1201,7,1,𐝫𐝫𐜨𐝉𐝫𐝫𐝫,[],[],0.0000
KH69,1202,3,1,𐝫𐝫𐝫,[],[],0.0000
KH70,1203,3,1,𐝫𐝫𐝫,[],[],0.0000
KH72,1204,3,1,𐝫𐝫𐝫,[],[],0.0000
KH73,1205,17,1,𐝫𐝫𐝉𐘇𐝫𐝫𐄇𐘝𐄇𐜝𐄇𐝫𐝫𐝇𐘇𐝫𐝫,[],[],0.0000
KH74,1206,12,2,𐝫𐘤𐄁 | 𐘱𐘀𐘲𐝫𐝫𐘤𐝥𐘻𐝫,[2],[2],1.0000
KH75,1207,12,1,𐝫𐝫𐝆𐝫𐝫𐙗𐝫𐝇𐝉𐘝𐝁𐝫,[],[],0.0000
KH76,1208,11,1,𐝫𐝫𐘤𐄊𐝫𐝫𐙗𐝫𐝃𐝌𐝫,[],[],0.0000
KH77,1209,5,1,𐝫𐙗𐝫𐝍𐝫,[],[],0.0000
KH78,1210,5,2,𐝫 | 𐝫𐄒𐝫𐝫,[],[0],0.7500
KH79,1211,6,1,𐝫𐝫𐘂𐘀𐝫𐝫,[],[],0.0000
KH79+89,1212,16,2,𐝫𐘻𐘅𐝫𐝫𐘂𐘳𐄁 | 𐘇𐘴𐝫𐝫𐘂𐘀𐘝𐝫,[7],[7],1.0000
KH7a,1140,60,7,𐝫𐘗𐝫𐄁 | 𐝫𐘸𐙺𐄊𐜙𐄇𐝫𐝫𐘚𐜚𐝇𐘡𐘅𐘤𐄁 | 𐛪𐄐𐜙𐝆𐘚𐘱𐘂𐘋𐄁 | 𐘳𐘳𐄁 | 𐘌𐘠𐘸𐛪𐄊𐜙𐝁𐘈𐙙𐄁 | 𐙂𐝫𐄁 | 𐝫𐘺𐘡𐛪𐝫𐄐𐄎𐜙𐄇𐝕𐝉𐝫𐝫𐝁𐝌𐝫,"[3, 18, 27, 30, 40, 43]","[3, 18, 27, 30, 40, 43]",1.0000
KH7b,1141,22,2,𐝫—𐘉𐘳𐘚𐘈𐜙𐝆𐝫 | 𐝫𐘂𐘅𐘹𐜙𐝆𐜝𐄇𐘤𐄐𐄊𐜛𐄈,[],[8],0.7500
KH8,1142,27,1,𐝫𐝫𐘙𐝫𐝫𐘳𐄈𐜙𐝆𐘝𐝆𐝫𐙉𐝆𐙘𐝃𐙗𐝃𐙇𐝫𐝫𐘝𐝃𐙢𐄇𐚻𐄇,[],[],0.0000
KH80,1213,5,1,𐝫𐝂𐙖𐝫𐝫,[],[],0.0000
KH81,1214,10,1,𐝫𐝫𐄋𐝫𐛛𐄢𐝫𐝫𐄉𐝫,[],[],0.0000
KH82,1215,14,1,𐝫𐝫𐝫𐜏𐝉𐝫𐝫𐙧𐄇𐝫𐝫𐙼𐝫𐝫,[],[],0.0000
KH83,1216,11,2,𐝫𐄁 | 𐘇𐘆𐘗𐝫𐄐𐄋𐜩𐝫𐝫,[1],[1],1.0000
KH84,1217,13,1,𐝫𐝫𐙗𐝆𐝫𐝫𐙕𐄇𐙚𐝫𐜩𐝫𐝫,[],[],0.0000
KH85,1218,20,1,𐝫𐝫𐜐𐝆𐙜𐝫𐝫𐜩𐝇𐙏𐝫𐝫𐙘𐝫𐝫𐙗𐝫𐝂𐝫𐝫,[],[],0.0000
KH86,1219,23,2,𐝫𐘙𐘍𐙗𐝫𐝫 | 𐙗𐝫𐝀𐝁𐝁𐘢𐘯𐝫𐝫𐄉𐝫𐝫𐙗𐝫𐝕𐝫𐝫,[],[5],0.7500
KH87,1220,10,1,𐝫𐝫𐝫𐝉𐙚𐝫𐝫𐝆𐘖𐄇,[],[],0.0000
KH88,1221,13,3,𐘌𐘯𐙁𐄁 | 𐘐𐙈𐄁 | 𐘝𐄐𐘫𐘦𐄎𐝫,"[3, 6]","[3, 6]",1.0000
KH9,1143,39,3,𐘇𐘤𐘲𐘊𐘇𐄁 | 𐛨𐝫𐝫𐝇𐘝𐝃𐝁𐘻𐝫𐝫𐘚𐘤𐄁 | 𐜙𐝆𐝫𐝫𐄈𐙗𐝃𐙍𐝫𐝫𐙗𐝃𐝉𐝫𐝫𐝎𐛌𐙘𐄇𐝫,"[5, 18]","[5, 18]",1.0000
KH90,1222,13,2,𐝫𐄁 | 𐝫𐘱𐝫𐝫𐙁𐘳𐘭𐘳𐝫𐝫𐝫,[1],[1],1.0000
KH91,1223,27,2,𐝫𐝫𐄁 | 𐝫𐙉𐄇𐙍𐝫𐝫𐙨𐄇𐝆𐝉𐙀𐝫𐝫𐝀𐘹𐝇𐘝𐝫𐝫𐜩𐝇𐜪𐝫𐝫,[2],[2],1.0000
KH92,1224,16,1,𐘇𐘀𐘐𐘭𐙂𐘝𐘃𐄐𐝫𐝫𐘅𐘸𐄇𐝫𐝫𐝫,[],[],0.0000
KH93,1225,1,1,𐝫,[],[],0.0000
KH94,1226,13,1,𐝫𐝫𐘌𐝫𐘫𐝫𐄐𐄍𐘚𐝫𐘍𐝫𐝫,[],[],0.0000
KH95,1227,4,2,𐝫 | 𐘈𐄍𐝫,[],[0],0.7500
KH96,1228,6,1,𐝫𐝫𐝫𐝈𐝀𐝀,[],[],0.0000
KH97a,1229,9,1,𐝫𐘙𐘇𐘱𐝫𐝫𐘅𐝫𐝫,[],[],0.0000
KH97b,1230,6,1,𐝫𐘈𐘚𐝫𐝫𐝫,[],[],0.0000
KH99,1231,13,2,𐝫𐘂𐘭𐘦𐝫𐝫𐘇𐘤 | 𐙈𐝫𐙂𐘾𐝫,[],[7],0.7500
KHWa1001,1234,2,1,𐜡𐚳,[],[],0.0000
KHWa1002,1235,2,1,𐜡𐚳,[],[],0.0000
KHWa1003,1236,1,1,𐙃,[],[],0.0000
KHWa1004,1237,1,1,𐙃,[],[],0.0000
KHWa1005,1238,1,1,𐘼,[],[],0.0000
KHWa1006,1239,1,1,𐘼,[],[],0.0000
KHWa1007,1240,1,1,𐘼,[],[],0.0000
KHWa1008,1241,1,1,𐘼,[],[],0.0000
KHWa1009,1242,1,1,𐘼,[],[],0.0000
KHWa1010,1243,1,1,𐘼,[],[],0.0000
KHWa1011,1244,1,1,𐙕,[],[],0.0000
KHWa1012,1245,1,1,𐙕,[],[],0.0000
KHWa1013,1246,2,1,𐙅𐘁,[],[],0.0000
KHWa1014,1247,2,1,𐙅𐘁,[],[],0.0000
KHWa1015,1248,2,1,𐙅𐘁,[],[],0.0000
KHWa1016,1249,2,1,𐙅𐘁,[],[],0.0000
KHWa1017,1250,1,1,𐙕,[],[],0.0000
KHWa1018,1251,1,1,𐚟,[],[],0.0000
KHWa1019,1252,1,1,𐝃,[],[],0.0000
KHWa1020,1253,2,1,𐝫𐄁,[1],[1],1.0000
KHWc2001,1254,1,1,𐘵,[],[],0.0000
KHWc2002,1255,1,1,𐘵,[],[],0.0000
KHWc2003,1256,1,1,𐝫,[],[],0.0000
KHWc2004,1257,2,1,𐙇𐝫,[],[],0.0000
KHWc2005,1258,4,1,𐘾𐘅𐘝𐘠,[],[],0.0000
KHWc2006,1259,1,1,𐚱,[],[],0.0000
KHWc2007,1260,1,1,𐚱,[],[],0.0000
KHWc2008,1261,1,1,𐚫,[],[],0.0000
KHWc2009,1262,1,1,𐚫,[],[],0.0000
KHWc2010,1263,1,1,𐚩,[],[],0.0000
KHWc2011,1264,1,1,𐚫,[],[],0.0000
KHWc2012,1265,1,1,𐚫,[],[],0.0000
KHWc2013,1266,1,1,𐚫,[],[],0.0000
KHWc2014,1267,1,1,𐚫,[],[],0.0000
KHWc2015,1268,1,1,𐚫,[],[],0.0000
KHWc2016,1269,1,1,𐚫,[],[],0.0000
KHWc2017,1270,1,1,𐚫,[],[],0.0000
KHWc2018,1271,1,1,𐚫,[],[],0.0000
KHWc2019,1272,1,1,𐚫,[],[],0.0000
KHWc2020,1273,1,1,𐚩,[],[],0.0000
KHWc2021,1274,1,1,𐚩,[],[],0.0000
KHWc2022,1275,1,1,𐚫,[],[],0.0000
KHWc2023,1276,1,1,𐚫,[],[],0.0000
KHWc2024,1277,1,1,𐚫,[],[],0.0000
KHWc2025,1278,2,1,𐚩𐝫,[],[],0.0000
KHWc2026,1279,1,1,𐙮,[],[],0.0000
KHWc2027,1280,1,1,𐙮,[],[],0.0000
KHWc2028,1281,1,1,𐙔,[],[],0.0000
KHWc2029,1282,1,1,𐛧,[],[],0.0000
KHWc2030,1283,1,1,𐛧,[],[],0.0000
KHWc2031,1284,1,1,𐛧,[],[],0.0000
KHWc2032,1285,1,1,𐛧,[],[],0.0000
KHWc2033,1286,1,1,𐘵,[],[],0.0000
KHWc2034,1287,1,1,𐘵,[],[],0.0000
KHWc2035,1288,1,1,𐘵,[],[],0.0000
KHWc2036,1289,1,1,𐙐,[],[],0.0000
KHWc2037,1290,1,1,𐙐,[],[],0.0000
KHWc2038,1291,1,1,𐙐,[],[],0.0000
KHWc2039,1292,1,1,𐙐,[],[],0.0000
KHWc2040,1293,1,1,𐙐,[],[],0.0000
KHWc2041,1294,1,1,𐙐,[],[],0.0000
KHWc2042,1295,1,1,𐙐,[],[],0.0000
KHWc2043,1296,1,1,𐙐,[],[],0.0000
KHWc2044,1297,1,1,𐙐,[],[],0.0000
KHWc2045,1298,1,1,𐙐,[],[],0.0000
KHWc2046,1299,1,1,𐜈,[],[],0.0000
KHWc2047,1300,1,1,𐜈,[],[],0.0000
KHWc2048,1301,1,1,𐜈,[],[],0.0000
KHWc2049,1302,1,1,𐜈,[],[],0.0000
KHWc2050,1303,1,1,𐜈,[],[],0.0000
KHWc2051,1304,1,1,𐜈,[],[],0.0000
KHWc2052,1305,1,1,𐜈,[],[],0.0000
KHWc2053,1306,1,1,𐜈,[],[],0.0000
KHWc2054,1307,2,1,𐝥𐘻,[],[],0.0000
KHWc2055,1308,2,1,𐝥𐘻,[],[],0.0000
KHWc2056,1309,1,1,𐜥,[],[],0.0000
KHWc2057,1310,1,1,𐜥,[],[],0.0000
KHWc2058,1311,1,1,𐛦,[],[],0.0000
KHWc2059,1314,1,1,𐛦,[],[],0.0000
KHWc2060,1315,1,1,𐛦,[],[],0.0000
KHWc2061,1316,1,1,𐛦,[],[],0.0000
KHWc2062,1317,1,1,𐛦,[],[],0.0000
KHWc2063,1318,1,1,𐘒,[],[],0.0000
KHWc2064,1319,1,1,𐛝,[],[],0.0000
KHWc2065,1320,2,1,𐝥𐚋,[],[],0.0000
KHWc2066,1321,1,1,𐛀,[],[],0.0000
KHWc2067,1322,1,1,𐙾,[],[],0.0000
KHWc2068,1323,1,1,𐙾,[],[],0.0000
KHWc2069,1324,1,1,𐘖,[],[],0.0000
KHWc2070,1325,1,1,𐛀,[],[],0.0000
KHWc2074,1326,1,1,𐝫,[],[],0.0000
KHWc2079,1327,1,1,𐚫,[],[],0.0000
KHWc2084,1328,1,1,𐚨,[],[],0.0000
KHWc2088,1329,1,1,𐝫,[],[],0.0000
KHWc2089,1330,1,1,𐝫,[],[],0.0000
KHWc2091,1313,1,1,𐛦,[],[],0.0000
KHWc2092,1312,1,1,𐛦,[],[],0.0000
KHWc2095,1331,1,1,𐙐,[],[],0.0000
KHWc2096,1333,1,1,𐙐,[],[],0.0000
KHWc2097,1332,1,1,𐛥,[],[],0.0000
KHWc2098,1334,1,1,𐙮,[],[],0.0000
KHWc2099,1335,1,1,𐛝,[],[],0.0000
KHWc2100,1336,3,1,𐙇𐚌𐘱,[],[],0.0000
KHWc2101,1337,1,1,𐘵,[],[],0.0000
KHWc2102,1338,1,1,𐘏,[],[],0.0000
KHWc2103,1339,1,1,𐚨,[],[],0.0000
KHWc2104,1340,1,1,𐘵,[],[],0.0000
KHWc2105,1341,1,1,𐘵,[],[],0.0000
KHWc2106,1342,1,1,𐛧,[],[],0.0000
KHWc2109,1343,1,1,𐛦,[],[],0.0000
KHWc2110,1344,1,1,𐘵,[],[],0.0000
KHWc2111,1345,1,1,𐙐,[],[],0.0000
KHWc2113,1346,1,1,𐜈,[],[],0.0000
KHWc2114,1347,2,1,𐚨𐝫,[],[],0.0000
KHWc2115,1348,1,1,𐘵,[],[],0.0000
KHWc2117,1349,3,1,𐙇𐝫𐛥,[],[],0.0000
KHWc2118,1350,1,1,𐘵,[],[],0.0000
KHWc2121,1351,1,1,𐝫,[],[],0.0000
KHWc2122,1352,1,1,𐚨,[],[],0.0000
KHWc2123,1353,3,1,𐝭𐘢𐘾,[],[],0.0000
KHWc2124,1354,1,1,𐘮,[],[],0.0000
KHZb98,1355,1,1,𐘝,[],[],0.0000
KHZc106,1397,4,1,𐘞𐘞𐘴𐘋,[],[],0.0000
KKHZb1,1711,1,1,𐘸,[],[],0.0000
KN1a,1356,6,1,𐘱𐙂𐘠𐘡𐄚𐄓,[],[],0.0000
KN1b,1357,7,1,𐘱𐘬𐘴𐘠𐘡𐄙𐄋,[],[],0.0000
KN2,1358,10,1,𐝫𐘘𐘅𐄈𐙈𐄉𐛁𐄋𐝫𐝫,[],[],0.0000
KN22a,1359,12,2,𐝫𐘲𐘶𐘳𐝫 | 𐝫𐄑𐝫𐝫𐘾𐘧𐝫,[],[4],0.7500
KN22b,1360,6,1,𐝫𐘊𐘆𐘰𐄙𐄐,[],[],0.0000
KN22c,1361,11,3,𐝫𐙁𐘲𐘻𐄁 | 𐝫𐄁 | 𐝫𐘅𐝫𐝫,"[4, 6]","[4, 6]",1.0000
KN28a,1362,16,1,𐝫𐝫𐝫𐘓𐄇𐝫𐝫𐙠𐄏𐝫𐝫𐙉𐝫𐄋𐝫𐝫,[],[],0.0000
KN28b,1363,12,2,𐝫𐝫 | 𐝫𐘃𐝊𐝫𐝫𐄉𐛓𐝊𐝫𐝫,[],[1],0.7500
KN32a,1364,10,2,𐝫 | 𐝫𐘇𐘂𐝫𐘇𐘾𐘳𐝫𐝫,[],[0],0.7500
KN32b,1365,13,2,𐝫 | 𐝫𐘃𐝫𐝫𐘞𐘫𐘂𐝫𐝫𐘱𐘲𐝫,[],[0],0.7500
KN49,1367,3,2,𐄁 | 𐝈𐝫,[0],[0],1.0000
KN54,1366,10,2,𐝫 | 𐝫𐘫𐘴𐝫𐝫𐙏𐝇𐝫𐝫,[],[0],0.7500
KNWa50,1368,1,1,𐙕,[],[],0.0000
KNWa51,1699,1,1,𐘻,[],[],0.0000
KNWb33,1369,6,2,𐘌𐘸𐝫 | 𐘯𐘈𐝫,[],[2],0.7500
KNWb50,1370,1,1,𐙕,[],[],0.0000
KNWb51,1371,1,1,𐄁,[0],[0],1.0000
KNWc23,1373,1,1,𐘽,[],[],0.0000
KNWc26,1374,4,1,𐘘𐘱𐘝𐘢,[],[],0.0000
KNWc29,1375,1,1,𐘑,[],[],0.0000
KNWc3,1372,5,2,𐝫 | 𐘾𐘚𐘾𐝫,[],[0],0.7500
KNWc30,1376,3,1,𐝫𐘱𐘴,[],[],0.0000
KNWc42,1377,3,1,𐝫𐘅𐘵,[],[],0.0000
KNWc43,1378,2,1,𐝫𐄁,[1],[1],1.0000
KNWc48,1379,2,1,𐝫𐘃,[],[],0.0000
KNZa10,1380,25,5,𐝫𐘳𐘯𐘕𐘠𐄁 | 𐘱𐘞𐘞𐘴𐙁𐘅𐄁 | 𐘀𐘮𐝫𐄁 | 𐝫𐘬𐘮𐘄𐄁 | 𐘚𐘱𐝫,"[5, 12, 16, 21]","[5, 12, 16, 21]",1.0000
KNZa17,1381,4,1,𐝫𐘱𐘿𐄁,[3],[3],1.0000
KNZa18,1382,13,5,𐄁 | 𐝫𐘱𐄁 | 𐝫𐄁 | 𐝫𐘱𐄁 | 𐘱𐘮𐝫𐄁,"[0, 3, 5, 8, 12]","[0, 3, 5, 8, 12]",1.0000
KNZa19,1383,11,2,𐝫𐘥𐘶𐘻𐝫𐄁 | —𐝫𐙈𐘻𐘅,[5],[5],1.0000
KNZb20,1386,4,1,𐝫𐘅𐘇𐘰,[],[],0.0000
KNZb34,1388,1,1,𐛻,[],[],0.0000
KNZb35,1389,12,1,𐝫𐘱𐝫𐘆𐝫𐘣𐝫𐝫𐙖𐄙𐘝𐄈,[],[],0.0000
KNZb4,1384,8,3,𐝫𐘶𐄁 | 𐘱𐘤𐄁 | 𐘤𐝫,"[2, 5]","[2, 5]",1.0000
KNZb40,1394,6,1,𐘇𐘂𐘸𐘉𐘅𐘇,[],[],0.0000
KNZb5,1385,6,1,𐘇𐘹𐘭𐘤𐘠𐄁,[5],[5],1.0000
KNZb52,1395,4,1,𐙀𐘭𐘝𐙁,[],[],0.0000
KNZb56,1396,2,1,𐘁𐛧,[],[],0.0000
KNZb<27>,1387,7,2,𐘆𐘅𐘉𐄁 | 𐙍𐄐𐄍,[3],[3],1.0000
KNZb<36>,1390,1,1,𐙍,[],[],0.0000
KNZb<37>,1391,1,1,𐙍,[],[],0.0000
KNZb<38>,1392,1,1,𐙍,[],[],0.0000
KNZb<39>,1393,1,1,𐘝,[],[],0.0000
KNZc6,1398,26,3,𐘟𐘠𐘭𐘇𐘆𐘀𐘸𐘠𐘂𐙂𐄁 | 𐘝𐘱𐘯𐄁 | 𐘶𐙂𐘅𐘂𐙂𐘯𐘉𐝫𐘚𐙀𐄁,"[10, 14, 25]","[10, 14, 25]",1.0000
KNZc7,1399,25,5,𐘇𐘾𐘯𐘍𐘠𐄁 | 𐘬𐘴𐘙𐄁 | 𐘇𐙀𐘴𐄁 | 𐘱𐘞𐘴𐘇𐘅𐘗𐄁 | 𐘣𐘢𐝫𐄁,"[5, 9, 13, 20, 24]","[5, 9, 13, 20, 24]",1.0000
KNZd46,1400,3,1,𐝫𐘫𐝫,[],[],0.0000
KNZe16,1401,2,1,𐘇𐘢,[],[],0.0000
KNZe44,1402,4,1,𐘚𐝫𐘮𐘱,[],[],0.0000
KNZe45,1403,4,3,𐘾 | 𐘤𐘇 | 𐘃,[],"[0, 2]",0.7500
KNZe49,1404,3,1,𐘥𐘤𐘃,[],[],0.0000
KNZe56,1405,3,1,𐘵𐘀𐝫,[],[],0.0000
KNZf13,1406,19,3,𐘇𐘙𐘗𐘤 | 𐘆 | 𐙕𐘢𐘥𐘂𐘱𐘳𐘭𐘈𐘃𐘭𐘕𐘇𐘱𐙂,[],"[3, 4]",0.7500
KNZf31,1407,51,9,𐝫𐘤𐝫𐘤𐘍𐘗𐙠𐄁 | 𐘀𐘬𐘻𐘗𐄁 | 𐘌𐘻𐘨𐘅𐘴𐄁 | 𐘇𐘮𐘢𐄁 | 𐘃𐘲𐘦𐘈𐘥𐘚𐄁 | 𐘇𐘀𐘴𐄁 | 𐘠𐘆𐘃𐘌𐘠𐄁 | 𐘳𐘞𐘍𐄁 | 𐘳𐘃𐘚𐘥𐘍𐘙𐄁,"[7, 12, 18, 22, 29, 33, 39, 43, 50]","[7, 12, 18, 22, 29, 33, 39, 43, 50]",1.0000
KNZg55,1409,3,1,𐘱𐘞𐘱,[],[],0.0000
KNZg57a,1718,17,1,𐜪𐜪𐜫𐜩𐜶𐝫𐝫𐝫𐝫𐘝𐝫𐝫𐝫𐝫𐚪𐝫𐝫,[],[],0.0000
KNZg57b,1719,11,1,𐘚𐙂𐘣𐘴𐘾𐘬ၶb𐙉𐙉𐙋,[],[],0.0000
KNZg<21>,1408,1,1,𐛈,[],[],0.0000
KO(?)Zf2,1411,16,1,𐘇𐘴𐘺𐙂𐙀𐘮𐘞𐘄𐙁𐘁𐙄𐘳𐘦𐘊𐘝𐘍,[],[],0.0000
KOZa1,1410,32,6,𐘇𐘳𐘚𐙕𐘮𐘱𐘹𐘘𐘞𐄁 | 𐘬𐙦𐘙𐄁 | 𐘚𐘀𐘇𐄁 | 𐘉𐘅𐘾𐘅𐘤𐄁 | 𐘚𐘢𐘅𐙁𐄁 | 𐘤𐘘𐘃,"[9, 13, 17, 23, 28]","[9, 13, 17, 23, 28]",1.0000
KYZa2,1412,3,1,𐘀𐙁𐘃,[],[],0.0000
KYZg1,1413,1,1,𐛴,[],[],0.0000
LACHZa1,1708,8,3,𐘻𐄁 | 𐘭𐘀𐘉𐄁 | 𐘈𐝕,"[1, 5]","[1, 5]",1.0000
LAZb1(bis),1414,4,1,𐘱𐘠𐘹𐙂,[],[],0.0000
MA10a,1428,10,2,𐝫𐘘𐄁 | 𐜲𐄈𐜰𐄊𐜱𐄊𐝫,[2],[2],1.0000
MA10b,1429,16,2,𐝫𐘬𐘢𐘃𐘮𐄁 | 𐜭𐄇𐜰𐄉𐝫𐄊𐜬𐄈𐛄𐄈,[5],[5],1.0000
MA10c,1430,7,1,𐝫𐜰𐄈𐜱𐄉𐚤𐝫,[],[],0.0000
MA10d,1431,3,1,𐝫𐜴𐜳,[],[],0.0000
MA1a,1415,10,1,𐄂𐘚𐘬𐘣𐘨𐘿𐘦𐘻𐘯𐄁,[9],[9],1.0000
MA1b,1416,8,2,𐘇𐙁𐄁 | 𐘨𐘿𐘦𐘻𐘯,[2],[2],1.0000
MA1c,1417,1,1,𐘠,[],[],0.0000
MA2a,1418,4,1,𐝫𐘬𐘴𐄋,[],[],0.0000
MA2b,1419,12,1,𐝫𐘙𐘠𐄊𐝫𐘠𐄇𐘱𐙂𐄈𐘠𐝫,[],[],0.0000
MA2c,1420,11,2,𐝫𐘉 | 𐘅𐘅𐄉𐝫𐘱𐙁𐘉𐘠𐄌,[],[1],0.7500
MA4a,1421,12,1,𐘳𐜅𐄐𐄋𐜆𐄙𐄑𐜄𐄔𐄉𐜃𐄒,[],[],0.0000
MA4b,1422,10,1,𐘇𐝫𐝫𐘱𐙒𐄙𐄑𐄉𐄙𐄕,[],[],0.0000
MA6a,1423,9,1,𐝫𐙒𐝫𐄡𐄓𐄇𐜅𐄒𐄋,[],[],0.0000
MA6b,1424,5,1,𐝫𐙒𐄞𐄑𐝫,[],[],0.0000
MA6c,1425,16,1,𐝫𐜅𐄊𐝫𐙒𐝫𐄗𐄍𐝫𐝫𐙒𐝫𐄚𐄒𐄉𐝫,[],[],0.0000
MA6d,1426,4,1,𐝫𐙒𐄚𐝫,[],[],0.0000
MA9,1427,2,1,𐝫𐄣,[],[],0.0000
MARGWa1-26,1437,1,1,𐘾,[],[],0.0000
MAWc7,1433,1,1,𐙒,[],[],0.0000
MAWc<5>,1432,6,1,𐘇𐘞𐘀𐘾𐛴𐄊,[],[],0.0000
MAZb15,1434,2,1,𐚥𐝇,[],[],0.0000
MAZb8,1435,3,1,𐘱𐘞𐝫,[],[],0.0000
MAZe11,1436,3,1,𐘿𐘤𐘃,[],[],0.0000
MI2,1438,13,2,𐘫𐝫—𐝫𐘬𐘾𐝫𐄁 | 𐜪𐝫—𐘾𐝫,[7],[7],1.0000
MILZb1,1441,4,1,𐝫𐘰𐘤𐘨,[],[],0.0000
MILZb2,1687,2,1,𐘰𐘜,[],[],0.0000
MILZb3,1688,2,1,𐘤𐘃,[],[],0.0000
MILZb4,1689,2,1,𐘙𐙅,[],[],0.0000
MIZb1,1439,2,1,𐘸𐘘,[],[],0.0000
MIZb3,1440,2,1,𐘙𐘠,[],[],0.0000
MOZf1,1444,3,1,𐙹𐘞𐘕,[],[],0.0000
MYZf1,1445,1,1,𐛉,[],[],0.0000
MYZf2,1446,1,1,𐁁,[],[],0.0000
MYZg1,1447,1,1,𐘲,[],[],0.0000
NEZa1,1448,4,1,𐝫𐘚𐘀𐝫,[],[],0.0000
PA1,1449,7,2,𐘇 | 𐙂𐘶𐘂𐙈𐄒𐄋,[],[0],0.7500
PE1,1450,26,1,𐘉𐘾𐘙𐘇𐘈𐘤𐘅𐙂𐘂𐘭𐙇𐄔𐝫𐛭𐄑𐄌𐝆𐘡𐘾𐝫𐙇𐄖𐄈𐛭𐄒𐄌,[],[],0.0000
PE2,1451,30,1,𐝫𐄉𐝁𐘘𐘢𐝫𐙙𐘻𐄇𐝄𐘇𐙱𐘍𐝃𐘇𐘭𐘂𐝃𐘌𐘌𐘀𐝆𐘄𐘋𐝁𐘄𐘪𐘙𐄇𐝫,[],[],0.0000
PEWs,1452,4,1,𐙉𐘠𐘡𐄇,[],[],0.0000
PEWy5,1453,4,1,𐙖𐙛𐄇𐝆,[],[],0.0000
PEZb,1454,4,1,𐝫𐘇𐘯𐝫,[],[],0.0000
PEZb3,1455,11,1,𐘇𐘾𐘴𐘸𐘳𐘅𐘤𐘱𐘈𐙇𐘍,[],[],0.0000
PEZb7,1456,6,1,𐝫𐘇𐘱𐘮𐘢𐄇,[],[],0.0000
PEZb8,1457,1,1,𐘇,[],[],0.0000
PEZc4,1458,9,1,𐝫𐘇𐘱𐝫≈𐝫𐘱𐘤𐝫,[],[],0.0000
PEZg5,1459,4,1,𐙖𐙛𐄇𐝆,[],[],0.0000
PEZg6,1460,12,2,𐘚𐘅𐝫𐄁 | 𐝫𐘃—𐘳𐘅𐙁𐘧—,[3],[3],1.0000
PH(?)31a,1504,40,3,𐝫 | 𐝫𐘇𐝫𐝫𐘘𐚾𐄇𐙁𐘆𐘑𐄇𐘓𐝫𐄁 | 𐝫𐘗𐄇𐙂𐘰𐘯𐙄𐘤𐘙𐄇𐘂𐘳𐘀𐝫𐝫𐄇𐙂𐘁𐚾𐄇𐘑𐄋𐘐𐄉𐝫,[14],"[0, 14]",0.8750
PH(?)31b,1505,41,2,𐝫𐝫𐘓𐄈𐘐𐄇𐝫𐝫𐘬𐘭𐘔𐄇𐘹𐝫𐝫𐘗𐘔𐄇𐘓𐄋𐘃𐘭𐘑𐝫𐝫𐄇𐘭 | 𐘘𐙁𐘠𐘑𐙄𐘤𐘙𐘇𐘻𐘀𐘵𐘔𐄇𐝫,[],[26],0.7500
PH10,1474,6,1,𐚏𐘡𐚎𐙒𐝈𐝈,[],[],0.0000
PH11,1475,15,1,—|||||||||||||—,[],[],0.0000
PH12a,1476,7,1,𐙇𐙿𐙒𐄐𐝫𐝈𐝈,[],[],0.0000
PH12b,1477,6,1,𐝃𐝫𐝫𐝃𐝃𐝫,[],[],0.0000
PH12c,1478,1,1,𐘃,[],[],0.0000
PH13a,1479,6,1,𐝫𐙒𐙴𐝫𐝃𐝃,[],[],0.0000
PH13b,1480,2,1,𐝫𐚐,[],[],0.0000
PH13c,1481,6,1,𐝫𐘃𐙀𐝃𐝃𐝫,[],[],0.0000
PH14a,1482,4,1,𐝫𐘱𐙘𐘝,[],[],0.0000
PH14b,1483,3,1,𐘇𐘻𐝫,[],[],0.0000
PH15a,1484,8,1,𐝫𐙁𐘃𐘙𐙿𐄐𐄇𐝫,[],[],0.0000
PH15b,1485,4,1,𐝫𐚑𐙒𐝫,[],[],0.0000
PH16a,1486,9,1,𐝫𐘠𐘅𐝫—𐝫𐚒𐘝𐝫,[],[],0.0000
PH16b,1487,7,1,𐝫𐘱𐘞𐝫—𐘠𐝫,[],[],0.0000
PH17a,1488,3,1,𐝫𐚓𐝫,[],[],0.0000
PH17b,1489,3,1,𐝫𐚔𐝫,[],[],0.0000
PH18a,1490,5,1,𐝫𐘣𐘱𐝫𐝫,[],[],0.0000
PH18b,1491,2,1,𐝫𐝫,[],[],0.0000
PH19,1492,4,1,𐘢𐘵𐝫𐝫,[],[],0.0000
PH1a,1462,16,3,𐝫𐘆𐘴𐘆𐘅𐙨𐄁 | 𐝉𐝫𐘱𐄁 | 𐙨𐄇𐙗𐝅𐝫,"[6, 10]","[6, 10]",1.0000
PH1b,1463,11,2,𐄁 | 𐝫𐘅𐄇𐘂𐝫𐝫𐘝𐄈𐝄𐝇,[0],[0],1.0000
PH2,1464,20,1,𐘇𐘈𐘹𐘐𐄇𐘴𐘵𐘆𐘸𐄕𐘢𐘘𐘡𐘶𐄕𐘈𐘞𐘰𐄕𐝫,[],[],0.0000
PH22a,1493,3,1,𐝫𐝆𐝆,[],[],0.0000
PH22b,1494,1,1,𐝫,[],[],0.0000
PH24,1495,2,1,𐘁𐘡,[],[],0.0000
PH25,1496,5,1,𐙍𐄈𐝫𐝫𐝫,[],[],0.0000
PH26,1497,7,1,𐝫𐙦𐝃𐝏𐝏𐝏𐝫,[],[],0.0000
PH27,1498,8,2,𐝫 | 𐝫𐘃𐝫𐝫𐘇𐝫𐝫,[],[0],0.7500
PH28a,1499,15,4,𐝫 | 𐝫𐘇𐘰𐝫𐄁 | 𐘱𐘸𐘰𐝫𐄁 | 𐘇𐘭𐘱𐝫,"[5, 10]","[0, 5, 10]",0.9167
PH28b,1500,11,1,𐝫𐄙𐄈𐝫𐝫𐄈𐙘𐄌𐝫𐄌𐝮,[],[],0.0000
PH29a,1501,3,1,𐝫𐝫𐝫,[],[],0.0000
PH29b,1502,2,1,𐝫𐝫,[],[],0.0000
PH30,1503,12,2,𐝫 | 𐝫𐘠𐝃𐝫𐝫𐙁𐘙𐘭𐘻𐘦𐝫,[],[0],0.7500
PH3a,1465,21,1,𐝫𐛠𐄇𐘳𐝫𐛡𐄇𐛣𐝓𐝫𐛢𐝓𐘂𐘴𐝓𐝫𐘂𐝫𐝫𐄇𐝫,[],[],0.0000
PH3b,1466,15,1,𐝫𐛘𐝕𐝫𐝫𐘤𐝃𐝫𐝫𐝫𐘤𐄇𐝃𐝫𐝫,[],[],0.0000
PH54,1709,4,1,𐘚𐘞𐘭𐘥,[],[],0.0000
PH6,1467,19,2,𐘚𐘅𐘮𐄁 | 𐘇𐘭𐘚𐙀𐘭𐘝𐘳𐘇𐘭𐘚𐘀𐘰𐘚𐘞𐘭,[3],[3],1.0000
PH7a,1468,24,2,𐝫𐝫𐘆𐘂𐘱𐝫𐝫𐘉𐘆𐘭𐘸𐝫𐝫 | 𐘱𐘘𐙁𐘗𐝫𐝫𐘱𐘤𐘀𐘴𐝫,[],[12],0.7500
PH7b,1469,16,2,𐝫 | 𐝫𐘳𐄇𐝈𐝫𐝫𐘀𐘴𐝈𐝫𐝫𐙏𐝈𐝃𐝫,[],[0],0.7500
PH8a,1470,19,1,𐝫𐝫𐜵𐄍—𐝫𐙇𐄐𐄇𐙘𐄈—𐝫𐄐𐄌𐜶𐄇—𐝫,[],[],0.0000
PH8b,1471,7,1,𐝫𐝫𐙨𐄇𐜢𐝫𐝫,[],[],0.0000
PH9a,1472,4,1,𐙩𐘿𐚍𐝏,[],[],0.0000
PH9b,1473,6,1,𐝫𐚬𐙍𐄇𐝆𐝆,[],[],0.0000
PHWa32,1506,4,1,𐘲𐘸𐘭𐘳,[],[],0.0000
PHWa52,1701,1,1,𐙍,[],[],0.0000
PHWb33,1507,1,1,𐝫,[],[],0.0000
PHWb34,1508,1,1,𐝫,[],[],0.0000
PHWb35,1509,1,1,𐝫,[],[],0.0000
PHWb36,1510,1,1,𐘃,[],[],0.0000
PHWb55,1511,1,1,𐝫,[],[],0.0000
PHWc37,1512,4,1,𐘾𐙦𐘤𐙬,[],[],0.0000
PHWc38,1513,3,1,𐙦𐘳𐙁,[],[],0.0000
PHWc39,1514,3,1,𐘱𐘆𐘁,[],[],0.0000
PHWc40,1515,4,1,𐘠𐘠𐙁𐘅,[],[],0.0000
PHWc41,1516,3,1,𐙍𐄇𐝆,[],[],0.0000
PHWc43,1517,1,1,𐙍,[],[],0.0000
PHWc44,1518,1,1,𐘏,[],[],0.0000
PHWc46,1519,4,1,𐙴𐘡≈𐘠,[],[],0.0000
PHWg45,1520,3,1,𐘡𐘷𐘿,[],[],0.0000
PHWy42,1521,1,1,𐙍,[],[],0.0000
PHZb4,1522,6,2,𐘤𐙁𐄁 | 𐘚𐘱𐘃,[2],[2],1.0000
PHZb48,1525,4,1,𐘌𐙙𐝫𐄁,[3],[3],1.0000
PHZb5,1523,5,1,𐘮𐘢𐘠𐘅𐘽,[],[],0.0000
PHZb<47>,1524,1,1,𐙴,[],[],0.0000
PK1,1526,66,2,𐘤𐝫𐄁 | 𐝫𐘗𐘠𐄇𐘾𐘌𐄈—𐘇𐘬𐘍𐄇𐘷𐘳𐘙𐄇—𐘷𐘠𐘃𐄇𐘵𐘾𐘻𐘍𐘤𐘚𐘅𐄇—𐘵𐘃𐘱𐄇—𐘴𐘅𐘹𐘲𐄇𐘝𐘻𐄇—𐘹𐘲𐄇𐙁𐘠𐘍𐘚𐘃𐄇—𐙁𐘃𐘠𐄇𐙁𐘾𐘚𐘳𐄇,[2],[2],1.0000
PK3,1527,19,1,𐝫𐘿𐄉𐘱𐄑𐝫𐄒𐄇𐘀𐘙𐄖𐄈𐝫𐘠𐄈𐝫𐙂𐄉𐄉,[],[],0.0000
PKZa10,1531,11,3,𐝫𐘤𐄁 | 𐘚𐘢𐘅𐘻𐘅𐄁 | 𐘤𐝫,"[2, 8]","[2, 8]",1.0000
PKZa11,1532,57,11,𐘇𐘳𐘚𐙕𐘮𐘡𐄁 | 𐘇𐘆𐘸𐘃𐘃𐝫𐄁 | 𐄁 | 𐝫𐘙𐄁 | 𐘢𐘃𐘭𐄁 | 𐘇𐘺𐘇𐘗𐄁 | 𐘇𐘞𐘞𐘴𐘋𐄁 | 𐘉𐘅𐘘𐘾𐘅𐘠𐄁 | 𐘚𐘢𐘅𐘻𐘅𐝫𐘤𐘘𐝫𐄁 | 𐝫𐄁 | 𐘚𐘅𐘱𐘂𐘌,"[6, 13, 14, 17, 21, 26, 32, 39, 49, 51]","[6, 13, 14, 17, 21, 26, 32, 39, 49, 51]",1.0000
PKZa12,1533,45,4,𐘇𐘳𐘚𐙕𐘮𐘱𐄁 | 𐘇𐘆𐘸𐘃𐝫𐝫𐘤𐝫𐄁 | 𐄁 | 𐝫𐘴𐘋𐝫𐝫𐘇𐝫𐝫𐘗𐘉𐘅𐘘𐘾𐝫𐝫𐘱𐘤𐘇𐘂𐘬𐘂𐝫𐝫𐘱𐝫𐘱𐘂𐘌,"[6, 15, 16]","[6, 15, 16]",1.0000
PKZa14,1534,9,2,𐝫𐘹𐘋𐘚𐄁 | 𐘱𐘞𐘞𐝫,[4],[4],1.0000
PKZa15,1535,10,1,𐝫𐘱𐘆𐘸𐘃𐘃𐘬𐘜𐘙𐝫,[],[],0.0000
PKZa16,1536,8,2,𐝫𐘄𐘞𐄁 | 𐘜𐘙𐘱𐝫,[3],[3],1.0000
PKZa17,1537,5,2,𐝫𐘚𐘀𐄁 | 𐄁,"[3, 4]","[3, 4]",1.0000
PKZa18,1538,9,3,𐝫𐘃𐄁 | 𐘚𐘀𐄁 | 𐘱𐘱𐝫,"[2, 5]","[2, 5]",1.0000
PKZa20,1539,5,1,𐝫𐘉𐘅𐘾𐝫,[],[],0.0000
PKZa27,1704,10,1,𐘱𐘞𐘞𐘴𐘋𐘉𐘅𐘾𐘅𐘤,[],[],0.0000
PKZa28,1710,6,2,𐝫𐘜𐘙𐄁 | 𐜶𐝫,[3],[3],1.0000
PKZa4,1528,5,1,𐘇𐘞𐘞𐘴𐝫,[],[],0.0000
PKZa8,1529,30,4,𐝫𐘯𐄁 | 𐘰𐘡𐄁 | 𐘱𐘆𐘸𐘃𐘃𐙛𐘜𐘙𐄁 | 𐘹𐘋𐘚𐘱𐘞𐝫𐘉𐘅𐘾𐘅𐘤𐝫𐘚𐘢𐝫,"[2, 5, 14]","[2, 5, 14]",1.0000
PKZa9,1530,13,3,𐝫 | 𐝫𐘱𐘉𐘂𐙁𐘚𐘀𐝫𐄁 | 𐝫𐘆𐝫,[9],"[0, 9]",0.8750
PKZb19,1541,4,2,𐘈𐘤 | 𐘳𐝫,[],[1],0.7500
PKZb21,1542,4,1,𐘸𐘳𐘝𐘃,[],[],0.0000
PKZb23,1543,2,1,𐘾𐝫,[],[],0.0000
PKZb24,1544,1,1,𐙍,[],[],0.0000
PKZb25,1545,3,1,𐘻𐘀𐘴,[],[],0.0000
PKZb26,1692,3,1,𐘄𐘰𐘆,[],[],0.0000
PKZb?,1540,6,1,𐘇𐘰𐘆𐝫𐘙𐝁,[],[],0.0000
PKZc13,1546,5,1,𐝫𐘯𐘭𐘱𐝫,[],[],0.0000
PKZg22,1547,2,1,𐙍𐙍,[],[],0.0000
PLZf1,1548,34,8,𐝫𐘳𐄁 | 𐘣𐘃𐘱𐘕𐄁 | 𐘉𐘿𐘠𐄁 | 𐘱𐘞𐘞𐘴𐘋𐄁 | 𐘳𐘯𐘝𐘸𐘅𐄁 | 𐘝𐘯𐘝𐄁 | 𐝫𐄁 | 𐝫𐘚𐝫𐄁,"[2, 7, 11, 17, 23, 27, 29, 33]","[2, 7, 11, 17, 23, 27, 29, 33]",1.0000
PORZf2,1691,3,1,𐘹𐘢𐘳,[],[],0.0000
POZc1,1549,9,1,𐘭𐘿𐘠𐘇𐘞𐘞𐘴𐙱𐄁,[8],[8],1.0000
PRZa1,1550,15,1,𐘳𐘅𐘲𐘃𐝫𐘥𐘈𐘄𐘚𐘱𐘇𐘞𐘞𐝢𐘋,[],[],0.0000
PSIZa1,1552,4,1,𐙓𐘬𐘈𐝫,[],[],0.0000
PSIZa2,1553,2,2,𐄁 | 𐝫,[0],[0],1.0000
PSZa2,1551,22,3,𐝫𐘙𐘚𐘥𐘳𐘅𐘚𐙕𐘠𐄁 | 𐝫𐄌𐝫𐘱𐘠𐄁 | 𐘱𐘞𐘞𐘴𐘋𐄁,"[9, 15, 21]","[9, 15, 21]",1.0000
PYR1,1554,8,1,𐘠𐙁𐘘𐘣𐘃𐝦𐙍𐄘,[],[],0.0000
PYR2,1555,3,1,𐝫𐙘𐝆,[],[],0.0000
PYRWc4,1556,6,2,𐘠𐝫𐄁 | 𐝫𐘚𐘤,[2],[2],1.0000
PYRZb5,1557,4,1,𐝫𐘃𐘱𐝫,[],[],0.0000
SAMWa1,1558,7,1,𐘱𐘞𐘞𐘴𐘃𐄐𐝇,[],[],0.0000
SAMWe4,1559,1,1,𐝠,[],[],0.0000
SEZf1,1560,2,1,𐘀𐙂,[],[],0.0000
SIZg1,1561,6,2,𐘇𐝫𐄁 | 𐝫𐘀𐙈,[2],[2],1.0000
SKOZc1,1563,11,2,𐄁 | 𐘅𐘹𐙕𐘗𐝫𐝫𐘌𐘸𐘠𐝫,[0],[0],1.0000
SKZb1,1562,5,1,𐘇𐙁𐘴𐘗𐝫,[],[],0.0000
SYZa1,1564,14,3,𐝫𐘇𐘳𐘚𐙕𐘮𐘱𐄁 | 𐘚𐘀𐘻𐄁 | 𐘱𐝫,"[7, 11]","[7, 11]",1.0000
SYZa10,1573,4,2,𐘌𐘞𐘴 | 𐙂,[],[2],0.7500
SYZa11,1574,4,2,𐄁 | 𐘁𐘌𐝫,[0],[0],1.0000
SYZa12,1575,3,2,𐄁 | 𐘇𐝫,[0],[0],1.0000
SYZa2,1565,21,2,𐘇𐘳𐘚𐙕𐘮𐘱𐄁 | 𐘱𐘲𐙁𐘹𐙋𐄇𐘉𐘅𐘾𐘅𐘤𐙖𐘇𐘱,[6],[6],1.0000
SYZa3,1566,15,1,𐘇𐘳𐘚𐙕𐘮𐝫𐘱𐘈𐘾𐘅𐘤𐝫𐘤𐘘𐘃,[],[],0.0000
SYZa4,1567,15,3,𐘇𐘳𐘚𐙕𐘮𐘱𐄁 | 𐘱𐘚𐘩𐘍𐄁 | 𐘰𐘝𐘣,"[6, 11]","[6, 11]",1.0000
SYZa5,1568,8,2,𐝫𐘻𐘱𐄁 | 𐘱𐘮𐘰𐝫,[3],[3],1.0000
SYZa6,1569,4,1,𐘀𐘈𐘴𐘃,[],[],0.0000
SYZa8,1571,11,2,𐘇𐘳𐝫𐘚𐙕𐘮𐘱𐄁 | 𐘱𐘱𐝫,[7],[7],1.0000
SYZa9,1572,5,1,𐘱𐘂𐘴𐘱𐘈,[],[],0.0000
SYZb7,1570,5,1,𐝫𐘴𐘸𐘝𐘈,[],[],0.0000
TELZb1,1576,6,1,𐘕≈𐘮𐘃≈𐘝,[],[],0.0000
THEZb1,1583,4,1,𐝫𐘤𐘝𐝫,[],[],0.0000
THEZb13,1590,11,1,𐘏𐛻𐄙𐄑𐘾𐘇𐘤𐝫𐘃𐄙𐄑,[],[],0.0000
THEZb15,1694,3,1,𐘙𐘞𐄈,[],[],0.0000
THEZb2,1584,4,1,𐘇𐘙𐘞𐘅,[],[],0.0000
THEZb3,1585,3,1,𐘇𐘗𐝫,[],[],0.0000
THEZb4,1586,4,1,𐝫𐘇𐘙𐝫,[],[],0.0000
THEZb5,1588,1,1,𐘧,[],[],0.0000
THEZb6,1700,4,1,𐘇𐘳𐘅𐘧,[],[],0.0000
THEZb7,1589,2,1,𐘇𐘧,[],[],0.0000
THEZg15,1714,3,1,𐙐𐘭𐘀,[],[],0.0000
THEZg16,1715,5,1,𐘿𐘚𐘸𐘘𐘿,[],[],0.0000
THEZg5,1587,10,1,𐙁𐄓𐘫𐄋𐙑𐄍𐘎𐄏𐘳𐄊,[],[],0.0000
THEfr.1,1577,3,1,𐝫𐘸𐝫,[],[],0.0000
THEfr.2,1578,3,1,𐝫𐙖𐝫,[],[],0.0000
THEfr.3,1579,3,1,𐝫𐙖𐝫,[],[],0.0000
THEtab.4,1580,9,1,𐝫𐘒𐄍𐝫𐝫𐘒𐄓𐄌𐝫,[],[],0.0000
THEtab.5,1581,6,2,𐄁 | 𐘃𐘋𐘀𐘚𐝫,[0],[0],1.0000
THEtab.6,1582,8,1,𐝫𐄐𐝫𐝫𐝡𐝫𐄚𐝫,[],[],0.0000
TIZb1,1591,4,1,𐝫𐙕𐘤𐝫,[],[],0.0000
TLZa1,1592,32,4,𐘇𐘳𐘚𐙕𐘮𐘱𐄁 | 𐘵𐘲𐘌𐘙𐄁 | 𐘱𐘞𐘞𐘴𐘋𐄁 | 𐘉𐘅𐘾𐘅𐝫𐘚𐘢𐝫𐘅𐙁𐘤𐘘𐝫𐘃,"[6, 11, 17]","[6, 11, 17]",1.0000
TRAZb1,1593,4,1,𐝫𐘙𐘱𐝫,[],[],0.0000
TROZg1,1594,5,1,𐘢𐘻𐘳𐘠𐘽,[],[],0.0000
TROZg2,1595,5,1,𐘬𐘻𐘳𐘠𐘽,[],[],0.0000
TRYZb1,1596,9,1,𐝫𐘗𐘻𐝫≈𐝫𐘻𐘗𐝫,[],[],0.0000
TY2,1597,62,1,𐙞𐝫𐘟𐘫𐘢𐄝𐙝𐝫𐄚𐄘𐙞𐘸𐘫𐄔𐙝𐘀𐘫𐝫𐄐𐘂𐘀𐘘𐙝𐘶𐘸𐄙𐙝𐘭𐘶𐝫𐙝𐝫𐝫𐄌𐙇𐄗𐄊𐙟𐘀𐘶𐄐𐄍𐝫𐙟𐘘𐘾𐄒𐙝𐘭𐘮𐘶𐄙𐄕𐝫𐙞𐘭𐘶𐄚𐄔𐙞𐝫𐝫,[],[],0.0000
TY3a,1598,73,2,𐝫𐘍𐙭𐜓𐄐𐄋𐝃𐜋𐄑𐄈𐘗𐘸𐄋𐜌𐄉𐝆𐜗𐝫𐜋𐄍𐝆—𐘇𐘬𐝫𐄁 | 𐝫𐜓𐄔𐄇𐜔𐄈𐝂𐜕𐄇𐜌𐄊𐝆𐝫𐙋𐝫𐄊𐝫—𐘇𐘀𐜋𐄑𐄇𐜗𐄈𐝫𐝫𐘺𐘇𐘬𐘮𐙖𐝫𐄍𐝂—𐘇𐙂𐘹𐚕𐝫𐝫𐘸𐄋𐜖𐄇—,[25],[25],1.0000
TY3b,1599,28,1,𐘸𐘭𐘤𐜗𐄌𐝫—𐘢𐙂𐙀𐜓𐄊𐜗𐄐𐄇𐝫𐝫𐜍𐄈𐝫—𐘂𐜗𐝫𐝫𐄚𐄑𐝫,[],[],0.0000
TYWc5,1600,1,1,𐙂,[],[],0.0000
TYZb4,1601,5,2,𐘇 | 𐙕𐘸𐘳𐘇,[],[0],0.7500
TYZg1,1602,4,1,𐝫𐙁𐘘𐘇,[],[],0.0000
VRYZa1,1603,9,1,𐝫𐘚𐘢𐘅𐙁𐘤𐘘𐘃𐄁,[8],[8],1.0000
VRYZb2,1716,2,1,𐘊𐘞,[],[],0.0000
VRYZb3,1717,2,1,𐘉𐘃,[],[],0.0000
ZA10a,1616,38,1,𐘳𐘅𐘃𐄈𐘂𐝫𐄇𐘇𐙂𐘻𐘅𐄇𐘇𐘳𐘅𐘃𐄇𐘇𐘻𐘀𐘉𐄇𐘇𐘬𐙂𐘻𐘅𐄇𐘀𐘚𐘢𐘳𐄇𐘬𐘙𐘍𐘈𐄈,[],[],0.0000
ZA10b,1617,48,1,𐘮𐚖𐄈𐘬𐘙𐘍𐘈𐙎𐄋𐘉𐘪𐄌𐙁𐘍𐄋𐙁𐘸𐘦𐘃𐄋𐘞𐙁𐄋𐘇𐘦𐄊𐘇𐘻𐘳𐄉𐘽𐘁𐘙𐄈𐘂𐘱𐘙𐄇𐘾𐙂𐘗𐘃𐝆𐘳𐄈𐘬𐄇𐝫,[],[],0.0000
ZA11a,1618,46,4,𐘆𐘆𐘺𐘴𐘋𐝫𐘷𐄁 | 𐛀𐄁 | 𐛭𐝫𐝫𐘴𐙁𐘤𐙍𐝆𐝫𐝫𐘡𐙂𐘘𐄈𐝃𐘶𐝈𐝉𐙍𐝆𐛟𐄊𐙂𐘂𐄁 | 𐛭𐄇𐝫𐘢𐙠𐘇𐝫𐝫𐙋𐄈𐝫,"[7, 9, 34]","[7, 9, 34]",1.0000
ZA11b,1619,29,4,𐘡𐘄𐘭𐛀𐄁 | 𐘞𐙕𐘭𐄁 | 𐛭𐄇𐝫𐘚𐙋𐄇𐝫𐝫𐘚𐘦𐝫𐝫𐘴𐄈𐙂𐘂𐄁 | 𐛭𐄉𐝫,"[4, 8, 25]","[4, 8, 25]",1.0000
ZA12a,1620,14,1,𐝫𐘂𐝫𐄕𐄊𐝫𐘠𐄐𐄉𐝫𐘘𐄑𐄎𐄌,[],[],0.0000
ZA12b,1621,16,1,𐝫𐝫𐘹𐝫𐄌𐝫𐘂𐝫𐄓𐝫𐘠𐄐𐄉𐘘𐄑𐄌,[],[],0.0000
ZA13,1622,6,1,𐝫𐝫𐘲𐘂𐝫𐝫,[],[],0.0000
ZA14,1623,36,1,𐘋𐘸𐘆𐄇𐘐𐙈𐄇𐘫𐘝𐘾𐚗𐄉𐘌𐘠𐘶𐄎𐙂𐘢𐄇𐘹𐘻𐘠𐘍𐘈𐄓𐄋𐝫𐘂𐘯𐘿𐄈𐘱𐘣𐝫𐝫𐝫,[],[],0.0000
ZA15a,1624,46,1,𐘨𐙂𐘅𐘞𐙍𐘿𐘤𐙀𐘡𐄔𐄍𐘚𐘠𐘝𐘞𐄐𐘋𐙍𐘻𐘍𐘈𐄉𐘛𐘯𐙁𐘙𐄌𐘤𐘢𐘸𐄈𐝆𐘱𐘞𐘕𐄋𐘞𐘻𐘀𐘡𐄊𐚗𐘥𐙁𐘈𐄋,[],[],0.0000
ZA15b,1625,15,3,𐘾𐘆𐄁 | 𐙍𐄉—𐙂𐘁𐄁 | 𐙍𐄖𐄎𐛿𐄐𐄍,"[2, 8]","[2, 8]",1.0000
ZA16,1626,14,1,𐝫𐝫𐘤𐝫𐝫𐝫𐘂𐄌𐝫𐝫𐘲𐄊𐝫𐝫,[],[],0.0000
ZA17,1627,3,1,𐝫𐝫𐝫,[],[],0.0000
ZA18a,1628,23,3,𐘀𐘙𐙂𐝫𐄁 | 𐙂𐙭𐄁 | 𐛭𐄈𐝂𐝂𐙉𐝫𐄈𐝂𐝂𐜓𐝁𐝁𐙋𐝃𐝫,"[4, 7]","[4, 7]",1.0000
ZA18b,1629,6,1,𐝫𐄈𐝕𐝉𐝫𐝫,[],[],0.0000
ZA19,1630,6,1,𐝫𐝫𐘴𐘃𐝫𐝫,[],[],0.0000
ZA1a,1604,13,3,𐛀𐄁 | 𐘸𐘙𐘍𐄁 | 𐘝𐄓𐄈𐝆𐘍𐄋𐝫,"[1, 5]","[1, 5]",1.0000
ZA1b,1605,9,1,𐘡𐘻𐝫𐝫𐘁𐙉𐄓𐄍𐝫,[],[],0.0000
ZA20,1631,33,2,𐝫𐝫𐘬𐘙𐘍𐘈𐝫𐝫𐘻𐝫𐄁 | 𐄊𐘤𐘃𐘹𐄇𐘤𐘹𐄌𐘃𐙌𐄐𐄈𐘘𐙁𐘳𐘈𐄉𐙂𐘴𐄙𐄒𐝫,[10],[10],1.0000
ZA21a,1632,36,2,𐝫𐘋𐝫𐝫𐘢𐘕𐄓𐝫𐝫𐝫 | 𐙁𐝫𐘃𐄈𐘳𐘥𐝫𐝫𐝫𐘂𐝫𐄋𐘳𐙁𐘢𐝫𐝫𐄉𐘇𐝫𐝫𐙈𐘻𐝫𐝫𐄈,[],[9],0.7500
ZA21b,1633,14,1,𐘚𐘀𐝫𐝫𐘸𐝫𐝫𐄈𐘞𐘭𐝫𐝫𐝫𐘋,[],[],0.0000
ZA22,1634,24,2,𐝫𐝫𐘓𐝫𐘔𐄇𐝫𐝫𐄇𐘴𐝫𐄁 | 𐝫𐘓𐄇𐝫𐝫𐄌𐘬𐘶𐝫𐘓𐄙𐝫,[11],[11],1.0000
ZA23,1635,10,1,𐝫—𐝫𐘃𐘃𐝫𐝫𐘻𐘙𐝫,[],[],0.0000
ZA24a,1636,6,1,𐘚𐘀𐙉𐝫𐝫𐝫,[],[],0.0000
ZA24b,1637,4,1,𐝫𐘳𐝫𐝫,[],[],0.0000
ZA25,1638,2,1,𐝫𐝫,[],[],0.0000
ZA26a,1639,17,2,𐘤𐘃𐄁 | 𐘆𐘆𐝫𐝫𐘓𐄐𐄉𐘱𐘸𐝫𐝫𐘸𐝫𐝫,[2],[2],1.0000
ZA26b,1640,4,1,𐝫𐘓𐄍𐝫,[],[],0.0000
ZA27,1641,9,1,𐝫𐝫𐝫𐘆𐘸𐄈𐘵𐘻𐝫,[],[],0.0000
ZA28,1642,6,1,𐝫𐝫𐛭𐄇𐝫𐝫,[],[],0.0000
ZA29,1643,9,2,𐝫 | 𐝫𐙁𐄙𐝫𐝫𐘃𐝫𐝫,[],[0],0.7500
ZA30,1644,6,2,𐝫𐝫 | 𐝫𐄍𐝫𐝫,[],[1],0.7500
ZA31,1645,6,1,𐝫𐝫𐘬𐄈𐝫𐝫,[],[],0.0000
ZA32,1646,5,2,𐝫 | 𐝫𐘱𐝫𐝫,[],[0],0.7500
ZA33,1647,6,1,𐝫𐝫𐄑𐄇𐝫𐝫,[],[],0.0000
ZA4a,1606,57,3,𐝫𐝫𐝫𐘡𐝫𐝫𐘢𐝫𐄁 | 𐝫𐘈𐝫𐝫𐄋𐘱𐘄𐘱𐝫𐝫𐄉𐝫𐘇𐘠𐘘𐄊𐘱𐘂𐄇𐝫𐄁 | 𐝫𐘹𐘋𐘈𐄐𐄎𐘿𐘤𐙀𐘡𐄊𐘛𐘯𐙁𐘙𐄐𐄉𐘤𐘢𐘸𐄋𐘡𐙃𐄔𐘾𐘆𐄉,"[8, 29]","[8, 29]",1.0000
ZA4b,1607,6,2,𐝫 | 𐝫𐙍𐄙𐄊𐝫,[],[0],0.7500
ZA5a,1608,24,2,𐘐𐙈𐄁 | 𐙍𐘲𐘸𐘝𐙁𐄍𐘵𐘳𐘝𐘍𐘈𐄌𐘞𐘻𐘀𐘡𐝫𐝫𐝫𐝫𐝫,[2],[2],1.0000
ZA5b,1609,15,2,𐘛𐘯𐙁𐘙𐄑𐘤𐘢𐘸𐄇𐝆𐙁𐘾 | 𐘚𐘳𐄉,[],[11],0.7500
ZA6a,1610,49,2,𐙙𐘮𐘅𐙑𐄐𐄏𐘟𐘶𐘃𐘻𐝫𐝫𐄙𐄗𐘚𐘈𐝫𐝫𐙋𐄐𐄋𐝫𐙋𐄐𐘚𐝫𐝫𐄈𐝫𐘜𐘽𐛭𐝫𐝫𐄑𐝫𐄁 | 𐙋𐝫𐝫𐄑𐄋𐙘𐝫𐝫𐄑𐘚𐘈𐝫,[36],[36],1.0000
ZA6b,1611,27,1,𐘚𐙂𐘶𐘠𐘛𐛭𐄔𐝃𐛿𐄓𐜁𐄐𐙢𐘷𐛭𐄓𐝫𐝫𐄑—𐘂𐘍𐝫𐝫𐘚𐙁𐝫,[],[],0.0000
ZA7a,1612,13,1,𐘉𐘶𐄋𐘇𐘴𐘹𐄊𐘇𐘙𐘹𐘻𐝫𐝫,[],[],0.0000
ZA7b,1613,8,1,𐘇𐙁𐝫𐝫𐝄𐝉𐝫𐝫,[],[],0.0000
ZA8,1614,48,3,𐘸𐘴𐄁 | 𐘇𐘳𐘙𐄁 | 𐘝𐝆𐙂𐘹𐘺𐘙𐝂𐝂𐘇𐘭𐘝𐘳𐄇𐝫𐝁𐝁𐘳𐘚𐘯𐙁𐘂𐝆𐙁𐘾𐘚𐘈𐄈𐝃𐝆𐘀𐘚𐘢𐘳𐄈𐝆𐘾𐘚𐘁𐄊𐝁𐝁,"[2, 6]","[2, 6]",1.0000
ZA9,1615,39,4,𐝫𐘯𐘠𐄁 | 𐘍𐝫𐝫𐘴𐚽𐄋𐝫𐝫𐘁𐘤𐘴𐝫𐚽𐄊𐘇𐘳𐘅𐝫𐄁 | 𐝫𐚽𐄈𐄁 | 𐝫𐙁𐘶𐘓𐄈𐘣𐘴𐘙𐘻𐘃𐘓𐄇,"[3, 22, 26]","[3, 22, 26]",1.0000
ZAWa36,1648,1,1,𐘁,[],[],0.0000
ZAWa38,1649,1,1,𐙕,[],[],0.0000
ZAWb37,1650,1,1,𐘤,[],[],0.0000
ZAWc2,1651,14,1,𐘇𐘠𐘾𐘇𐘬𐘺𐘻𐘇𐘠𐘾𐘇𐘬𐘺𐘻,[],[],0.0000
ZAZb3,1652,29,3,𐙍𐄒𐄈𐘆𐘆𐘾𐘈𐘇𐘞𐘕𐘗𐘇𐘈𐘇𐘳𐘚𐙕𐘦𐘾𐄁 | 𐘇𐘙𐘢𐘙𐘅𐄁 | 𐘠𐘠𐙂,"[19, 25]","[19, 25]",1.0000
ZAZb34,1653,11,3,𐝫𐘜𐘙𐘱𐄁 | 𐘺𐘕𐄁 | 𐘘𐘆𐝫,"[4, 7]","[4, 7]",1.0000
ZAZg34,1654,2,1,𐘮𐄕,[],[],0.0000
ZAZg35,1655,10,2,𐝫𐘋𐘻𐘱𐘘𐄁 | 𐘈𐘮𐙄𐘦,[5],[5],1.0000
ZO1,1706,4,1,𐚩𐄚𐄐𐄍,[],[],0.0000
